trip_id,train_number,date_trip,stop_sequence,stop_id,stop_name,arrival_th,departure_th,arrival_delay_s,departure_delay_s,arrival_real,departure_real,retard_s,train_status,updated_at,retard_m
,12105,20260702,0,StopPoint:OCETGV INOUI-87113001,Paris Est,09:25:00,09:25:00,0,0,,,0,finished,1776087043,0.0
,12105,20260702,1,StopPoint:OCETGV INOUI-87212027,Strasbourg,11:11:00,11:11:00,0,0,,,0,finished,1776087043,0.0
,12108,20260702,0,StopPoint:OCETGV INOUI-87212027,Strasbourg,14:50:00,14:50:00,0,0,14:50:00,14:50:00,0,active,1776087043,0.0
,12108,20260702,1,StopPoint:OCETGV INOUI-87113001,Paris Est,16:35:00,16:35:00,0,0,16:35:00,16:35:00,0,active,1776087043,0.0
,12118,20260629,0,StopPoint:OCETGV INOUI-87212027,Strasbourg,06:30:00,06:30:00,0,0,,,0,finished,1776087043,0.0
,12118,20260629,1,StopPoint:OCETGV INOUI-87147322,Meuse TGV,07:19:00,07:21:00,0,0,,,0,finished,1776087043,0.0
,12118,20260629,2,StopPoint:OCETGV INOUI-87113001,Paris Est,08:21:00,08:21:00,0,0,,,0,finished,1776087043,0.0
,12124,20260629,0,StopPoint:OCETGV INOUI-87212027,Strasbourg,12:22:00,12:22:00,0,0,,,0,finished,1776087043,0.0
,12124,20260629,1,StopPoint:OCETGV INOUI-87113001,Paris Est,14:07:00,14:07:00,0,0,,,0,finished,1776087043,0.0
,12171,20260731,0,StopPoint:OCETGV INOUI-87113001,Paris Est,18:28:00,18:28:00,0,0,18:28:00,18:28:00,0,upcoming,1776087043,0.0
,12171,20260731,1,StopPoint:OCETGV INOUI-87171009,Reims,19:14:00,19:14:00,0,0,19:14:00,19:14:00,0,upcoming,1776087043,0.0
,12176,20260731,0,StopPoint:OCETGV INOUI-87756056,Nice-Ville,06:57:00,06:57:00,0,0,06:57:00,06:57:00,0,active,1776087043,0.0
,12176,20260731,1,StopPoint:OCETGV INOUI-87757674,Antibes,07:15:00,07:18:00,0,0,07:15:00,07:18:00,0,active,1776087043,0.0
,12176,20260731,2,StopPoint:OCETGV INOUI-87757625,Cannes,07:26:00,07:30:00,0,0,07:26:00,07:30:00,0,active,1776087043,0.0
,12176,20260731,3,StopPoint:OCETGV INOUI-87757526,Saint-Raphaël Valescure,07:51:00,07:54:00,0,0,07:51:00,07:54:00,0,active,1776087043,0.0
,12176,20260731,4,StopPoint:OCETGV INOUI-87755447,Les Arcs - Draguignan,08:08:00,08:11:00,0,0,08:08:00,08:11:00,0,active,1776087043,0.0
,12176,20260731,5,StopPoint:OCETGV INOUI-87755009,Toulon,08:47:00,08:50:00,0,0,08:47:00,08:50:00,0,active,1776087043,0.0
,12176,20260731,6,StopPoint:OCETGV INOUI-87751008,Marseille Saint-Charles,09:31:00,09:45:00,0,0,09:31:00,09:45:00,0,active,1776087043,0.0
,12176,20260731,7,StopPoint:OCETGV INOUI-87319012,Aix-en-Provence TGV,09:56:00,09:59:00,0,0,09:56:00,09:59:00,0,active,1776087043,0.0
,12176,20260731,8,StopPoint:OCETGV INOUI-87318964,Avignon TGV,10:19:00,10:22:00,0,0,10:19:00,10:22:00,0,active,1776087043,0.0
,12176,20260731,9,StopPoint:OCETGV INOUI-87723197,Lyon Part Dieu,11:28:00,11:38:00,0,0,11:28:00,11:38:00,0,active,1776087043,0.0
,12176,20260731,10,StopPoint:OCETGV INOUI-87725689,Mâcon,12:14:00,12:17:00,0,0,12:14:00,12:17:00,0,active,1776087043,0.0
,12176,20260731,11,StopPoint:OCETGV INOUI-87713545,Beaune,13:03:00,13:06:00,0,0,13:03:00,13:06:00,0,active,1776087043,0.0
,12176,20260731,12,StopPoint:OCETGV INOUI-87713040,Dijon,13:26:00,13:38:00,0,0,13:26:00,13:38:00,0,active,1776087043,0.0
,12176,20260731,13,StopPoint:OCETGV INOUI-87300863,Besançon Franche-Comté TGV,14:05:00,14:08:00,0,0,14:05:00,14:08:00,0,active,1776087043,0.0
,12176,20260731,14,StopPoint:OCETGV INOUI-87300822,Belfort - Montbéliard TGV,14:29:00,14:31:00,0,0,14:29:00,14:31:00,0,active,1776087043,0.0
,12176,20260731,15,StopPoint:OCETGV INOUI-87182063,Mulhouse,14:53:00,14:57:00,0,0,14:53:00,14:57:00,0,active,1776087043,0.0
,12176,20260731,16,StopPoint:OCETGV INOUI-87182014,Colmar,15:24:00,15:27:00,0,0,15:24:00,15:27:00,0,active,1776087043,0.0
,12176,20260731,17,StopPoint:OCETGV INOUI-87212027,Strasbourg,15:54:00,15:54:00,0,0,15:54:00,15:54:00,0,active,1776087043,0.0
,12177,20260726,0,StopPoint:OCETGV INOUI-87212027,Strasbourg,13:37:00,13:37:00,0,0,13:37:00,13:37:00,0,active,1776087043,0.0
,12177,20260726,1,StopPoint:OCETGV INOUI-87182014,Colmar,14:03:00,14:06:00,0,0,14:03:00,14:06:00,0,active,1776087043,0.0
,12177,20260726,2,StopPoint:OCETGV INOUI-87182063,Mulhouse,14:37:00,14:41:00,0,0,14:37:00,14:41:00,0,active,1776087043,0.0
,12177,20260726,3,StopPoint:OCETGV INOUI-87300822,Belfort - Montbéliard TGV,15:03:00,15:07:00,0,0,15:03:00,15:07:00,0,active,1776087043,0.0
,12177,20260726,4,StopPoint:OCETGV INOUI-87300863,Besançon Franche-Comté TGV,15:30:00,15:36:00,0,0,15:30:00,15:36:00,0,active,1776087043,0.0
,12177,20260726,5,StopPoint:OCETGV INOUI-87713040,Dijon,16:04:00,16:17:00,0,0,16:04:00,16:17:00,0,active,1776087043,0.0
,12177,20260726,6,StopPoint:OCETGV INOUI-87713545,Beaune,16:37:00,16:40:00,0,0,16:37:00,16:40:00,0,active,1776087043,0.0
,12177,20260726,7,StopPoint:OCETGV INOUI-87723197,Lyon Part Dieu,17:59:00,18:06:00,0,0,17:59:00,18:06:00,0,active,1776087043,0.0
,12177,20260726,8,StopPoint:OCETGV INOUI-87318964,Avignon TGV,19:08:00,19:11:00,0,0,19:08:00,19:11:00,0,active,1776087043,0.0
,12177,20260726,9,StopPoint:OCETGV INOUI-87319012,Aix-en-Provence TGV,19:30:00,19:33:00,0,0,19:30:00,19:33:00,0,active,1776087043,0.0
,12177,20260726,10,StopPoint:OCETGV INOUI-87751008,Marseille Saint-Charles,19:45:00,20:01:00,0,0,19:45:00,20:01:00,0,active,1776087043,0.0
,12177,20260726,11,StopPoint:OCETGV INOUI-87755009,Toulon,20:44:00,20:48:00,0,0,20:44:00,20:48:00,0,active,1776087043,0.0
,12177,20260726,12,StopPoint:OCETGV INOUI-87755447,Les Arcs - Draguignan,21:26:00,21:29:00,0,0,21:26:00,21:29:00,0,active,1776087043,0.0
,12177,20260726,13,StopPoint:OCETGV INOUI-87757526,Saint-Raphaël Valescure,21:43:00,21:46:00,0,0,21:43:00,21:46:00,0,active,1776087043,0.0
,12177,20260726,14,StopPoint:OCETGV INOUI-87757625,Cannes,22:10:00,22:14:00,0,0,22:10:00,22:14:00,0,active,1776087043,0.0
,12177,20260726,15,StopPoint:OCETGV INOUI-87757674,Antibes,22:22:00,22:25:00,0,0,22:22:00,22:25:00,0,active,1776087043,0.0
,12177,20260726,16,StopPoint:OCETGV INOUI-87756056,Nice-Ville,22:43:00,22:43:00,0,0,22:43:00,22:43:00,0,active,1776087043,0.0
,12179,20260731,0,StopPoint:OCETGV INOUI-87212027,Strasbourg,09:04:00,09:04:00,0,0,,,0,finished,1776087043,0.0
,12179,20260731,1,StopPoint:OCETGV INOUI-87182063,Mulhouse,09:53:00,09:56:00,0,0,,,0,finished,1776087043,0.0
,12179,20260731,2,StopPoint:OCETGV INOUI-87300822,Belfort - Montbéliard TGV,10:19:00,10:21:00,0,0,,,0,finished,1776087043,0.0
,12179,20260731,3,StopPoint:OCETGV INOUI-87300863,Besançon Franche-Comté TGV,10:41:00,10:44:00,0,0,,,0,finished,1776087043,0.0
,12179,20260731,4,StopPoint:OCETGV INOUI-87713040,Dijon,11:11:00,11:21:00,0,0,,,0,finished,1776087043,0.0
,12179,20260731,5,StopPoint:OCETGV INOUI-87725689,Mâcon,12:19:00,12:22:00,0,0,,,0,finished,1776087043,0.0
,12179,20260731,6,StopPoint:OCETGV INOUI-87723197,Lyon Part Dieu,12:59:00,13:10:00,0,0,,,0,finished,1776087043,0.0
,12179,20260731,7,StopPoint:OCETGV INOUI-87763029,Valence TGV Rhône-Alpes Sud,13:45:00,13:51:00,0,0,,,0,finished,1776087043,0.0
,12179,20260731,8,StopPoint:OCETGV INOUI-87318964,Avignon TGV,14:26:00,14:29:00,0,0,,,0,finished,1776087043,0.0
,12179,20260731,9,StopPoint:OCETGV INOUI-87319012,Aix-en-Provence TGV,14:49:00,14:52:00,0,0,,,0,finished,1776087043,0.0
,12179,20260731,10,StopPoint:OCETGV INOUI-87751008,Marseille Saint-Charles,15:04:00,15:04:00,0,0,,,0,finished,1776087043,0.0
,12181,20260731,0,StopPoint:OCETGV INOUI-87212027,Strasbourg,06:47:00,06:47:00,0,0,,,0,finished,1776087043,0.0
,12181,20260731,1,StopPoint:OCETGV INOUI-87182014,Colmar,07:13:00,07:16:00,0,0,,,0,finished,1776087043,0.0
,12181,20260731,2,StopPoint:OCETGV INOUI-87182063,Mulhouse,07:48:00,07:52:00,0,0,,,0,finished,1776087043,0.0
,12181,20260731,3,StopPoint:OCETGV INOUI-87300822,Belfort - Montbéliard TGV,08:15:00,08:18:00,0,0,,,0,finished,1776087043,0.0
,12181,20260731,4,StopPoint:OCETGV INOUI-87300863,Besançon Franche-Comté TGV,08:39:00,08:42:00,0,0,,,0,finished,1776087043,0.0
,12181,20260731,5,StopPoint:OCETGV INOUI-87713040,Dijon,09:09:00,09:21:00,0,0,,,0,finished,1776087043,0.0
,12181,20260731,6,StopPoint:OCETGV INOUI-87725002,Chalon-sur-Saône,09:54:00,09:57:00,0,0,,,0,finished,1776087043,0.0
,12181,20260731,7,StopPoint:OCETGV INOUI-87723197,Lyon Part Dieu,10:59:00,11:05:00,0,0,,,0,finished,1776087043,0.0
,12181,20260731,8,StopPoint:OCETGV INOUI-87775007,Nîmes Centre,12:22:00,12:25:00,0,0,,,0,finished,1776087043,0.0
,12181,20260731,9,StopPoint:OCETGV INOUI-87773002,Montpellier Saint-Roch,12:52:00,12:52:00,0,0,,,0,finished,1776087043,0.0
,12182,20260731,0,StopPoint:OCETGV INOUI-87751008,Marseille Saint-Charles,15:56:00,15:56:00,0,0,15:56:00,15:56:00,0,upcoming,1776087043,0.0
,12182,20260731,1,StopPoint:OCETGV INOUI-87319012,Aix-en-Provence TGV,16:07:00,16:10:00,0,0,16:07:00,16:10:00,0,upcoming,1776087043,0.0
,12182,20260731,2,StopPoint:OCETGV INOUI-87318964,Avignon TGV,16:30:00,16:33:00,0,0,16:30:00,16:33:00,0,upcoming,1776087043,0.0
,12182,20260731,3,StopPoint:OCETGV INOUI-87763029,Valence TGV Rhône-Alpes Sud,17:09:00,17:14:00,0,0,17:09:00,17:14:00,0,upcoming,1776087043,0.0
,12182,20260731,4,StopPoint:OCETGV INOUI-87723197,Lyon Part Dieu,17:51:00,18:00:00,0,0,17:51:00,18:00:00,0,upcoming,1776087043,0.0
,12182,20260731,5,StopPoint:OCETGV INOUI-87725002,Chalon-sur-Saône,19:03:00,19:06:00,0,0,19:03:00,19:06:00,0,upcoming,1776087043,0.0
,12182,20260731,6,StopPoint:OCETGV INOUI-87713040,Dijon,19:40:00,19:50:00,0,0,19:40:00,19:50:00,0,upcoming,1776087043,0.0
,12182,20260731,7,StopPoint:OCETGV INOUI-87300863,Besançon Franche-Comté TGV,20:17:00,20:20:00,0,0,20:17:00,20:20:00,0,upcoming,1776087043,0.0
,12182,20260731,8,StopPoint:OCETGV INOUI-87300822,Belfort - Montbéliard TGV,20:41:00,20:46:00,0,0,20:41:00,20:46:00,0,upcoming,1776087043,0.0
,12182,20260731,9,StopPoint:OCETGV INOUI-87182063,Mulhouse,21:08:00,21:12:00,0,0,21:08:00,21:12:00,0,upcoming,1776087043,0.0
,12182,20260731,10,StopPoint:OCETGV INOUI-87212027,Strasbourg,22:07:00,22:07:00,0,0,22:07:00,22:07:00,0,upcoming,1776087043,0.0
,12183,20260731,0,StopPoint:OCETGV INOUI-87751008,Marseille Saint-Charles,08:12:00,08:12:00,0,0,,,0,finished,1776087043,0.0
,12183,20260731,1,StopPoint:OCETGV INOUI-87319012,Aix-en-Provence TGV,08:23:00,08:26:00,0,0,,,0,finished,1776087043,0.0
,12183,20260731,2,StopPoint:OCETGV INOUI-87318964,Avignon TGV,08:46:00,08:49:00,0,0,,,0,finished,1776087043,0.0
,12183,20260731,3,StopPoint:OCETGV INOUI-87723197,Lyon Part Dieu,09:54:00,10:01:00,0,0,,,0,finished,1776087043,0.0
,12183,20260731,4,StopPoint:OCETGV INOUI-87725002,Chalon-sur-Saône,11:03:00,11:06:00,0,0,,,0,finished,1776087043,0.0
,12183,20260731,5,StopPoint:OCETGV INOUI-87300863,Besançon Franche-Comté TGV,12:01:00,12:03:00,0,0,,,0,finished,1776087043,0.0
,12183,20260731,6,StopPoint:OCETGV INOUI-87300822,Belfort - Montbéliard TGV,12:24:00,12:27:00,0,0,,,0,finished,1776087043,0.0
,12183,20260731,7,StopPoint:OCETGV INOUI-87182063,Mulhouse,12:50:00,12:54:00,0,0,,,0,finished,1776087043,0.0
,12183,20260731,8,StopPoint:OCETGV INOUI-87212027,Strasbourg,13:43:00,13:43:00,0,0,,,0,finished,1776087043,0.0
,12184,20260731,0,StopPoint:OCETGV INOUI-87773002,Montpellier Saint-Roch,13:57:00,13:57:00,0,0,13:57:00,13:57:00,0,active,1776087043,0.0
,12184,20260731,1,StopPoint:OCETGV INOUI-87775007,Nîmes Centre,14:23:00,14:27:00,0,0,14:23:00,14:27:00,0,active,1776087043,0.0
,12184,20260731,2,StopPoint:OCETGV INOUI-87763029,Valence TGV Rhône-Alpes Sud,15:09:00,15:14:00,0,0,15:09:00,15:14:00,0,active,1776087043,0.0
,12184,20260731,3,StopPoint:OCETGV INOUI-87723197,Lyon Part Dieu,15:50:00,16:01:00,0,0,15:50:00,16:01:00,0,active,1776087043,0.0
,12184,20260731,4,StopPoint:OCETGV INOUI-87725689,Mâcon,16:38:00,16:41:00,0,0,16:38:00,16:41:00,0,active,1776087043,0.0
,12184,20260731,5,StopPoint:OCETGV INOUI-87713040,Dijon,17:40:00,17:50:00,0,0,17:40:00,17:50:00,0,active,1776087043,0.0
,12184,20260731,6,StopPoint:OCETGV INOUI-87300863,Besançon Franche-Comté TGV,18:17:00,18:22:00,0,0,18:17:00,18:22:00,0,active,1776087043,0.0
,12184,20260731,7,StopPoint:OCETGV INOUI-87300822,Belfort - Montbéliard TGV,18:44:00,18:47:00,0,0,18:44:00,18:47:00,0,active,1776087043,0.0
,12184,20260731,8,StopPoint:OCETGV INOUI-87182063,Mulhouse,19:09:00,19:12:00,0,0,19:09:00,19:12:00,0,active,1776087043,0.0
,12184,20260731,9,StopPoint:OCETGV INOUI-87182014,Colmar,19:41:00,19:44:00,0,0,19:41:00,19:44:00,0,active,1776087043,0.0
,12184,20260731,10,StopPoint:OCETGV INOUI-87212027,Strasbourg,20:13:00,20:21:00,0,0,20:13:00,20:21:00,0,active,1776087043,0.0
,12184,20260731,11,StopPoint:OCETGV INOUI-87192039,Metz,21:09:00,21:09:00,0,0,21:09:00,21:09:00,0,active,1776087043,0.0
,2350,20260702,0,StopPoint:OCETGV INOUI-87182014,Colmar,06:38:00,06:38:00,0,0,,,0,finished,1776087043,0.0
,2350,20260702,1,StopPoint:OCETGV INOUI-87214056,Sélestat,06:49:00,06:52:00,0,0,,,0,finished,1776087043,0.0
,2350,20260702,2,StopPoint:OCETGV INOUI-87212027,Strasbourg,07:13:00,07:19:00,0,0,,,0,finished,1776087043,0.0
,2350,20260702,3,StopPoint:OCETGV INOUI-87142109,Lorraine TGV,07:56:00,07:59:00,0,0,,,0,finished,1776087043,0.0
,2350,20260702,4,StopPoint:OCETGV INOUI-87113001,Paris Est,09:16:00,09:16:00,0,0,,,0,finished,1776087043,0.0
,2356,20260710,0,StopPoint:OCETGV INOUI-87182014,Colmar,10:01:00,10:01:00,0,0,,,0,finished,1776087043,0.0
,2356,20260710,1,StopPoint:OCETGV INOUI-87212027,Strasbourg,10:31:00,10:49:00,0,0,,,0,finished,1776087043,0.0
,2356,20260710,2,StopPoint:OCETGV INOUI-87113001,Paris Est,12:35:00,12:35:00,0,0,,,0,finished,1776087043,0.0
,2358,20260702,0,StopPoint:OCETGV INOUI-87182014,Colmar,14:16:00,14:16:00,0,0,14:16:00,14:16:00,0,active,1776087043,0.0
,2358,20260702,1,StopPoint:OCETGV INOUI-87212027,Strasbourg,14:43:00,14:50:00,0,0,14:43:00,14:50:00,0,active,1776087043,0.0
,2358,20260702,2,StopPoint:OCETGV INOUI-87113001,Paris Est,16:35:00,16:35:00,0,0,16:35:00,16:35:00,0,active,1776087043,0.0
,2362,20260731,0,StopPoint:OCETGV INOUI-87182014,Colmar,16:45:00,16:45:00,0,0,16:45:00,16:45:00,0,upcoming,1776087043,0.0
,2362,20260731,1,StopPoint:OCETGV INOUI-87212027,Strasbourg,17:12:00,17:19:00,0,0,17:12:00,17:19:00,0,upcoming,1776087043,0.0
,2362,20260731,2,StopPoint:OCETGV INOUI-87113001,Paris Est,19:05:00,19:05:00,0,0,19:05:00,19:05:00,0,upcoming,1776087043,0.0
,2363,20260731,0,StopPoint:OCETGV INOUI-87113001,Paris Est,07:16:00,07:16:00,0,0,,,0,finished,1776087043,0.0
,2363,20260731,1,StopPoint:OCETGV INOUI-87212027,Strasbourg,09:02:00,09:13:00,0,0,,,0,finished,1776087043,0.0
,2363,20260731,2,StopPoint:OCETGV INOUI-87182014,Colmar,09:42:00,09:42:00,0,0,,,0,finished,1776087043,0.0
,2365,20260702,0,StopPoint:OCETGV INOUI-87113001,Paris Est,09:25:00,09:25:00,0,0,,,0,finished,1776087043,0.0
,2365,20260702,1,StopPoint:OCETGV INOUI-87212027,Strasbourg,11:11:00,11:17:00,0,0,,,0,finished,1776087043,0.0
,2365,20260702,2,StopPoint:OCETGV INOUI-87182014,Colmar,11:45:00,11:45:00,0,0,,,0,finished,1776087043,0.0
,2369,20260731,0,StopPoint:OCETGV INOUI-87113001,Paris Est,13:52:00,13:52:00,0,0,13:52:00,13:52:00,0,active,1776087043,0.0
,2369,20260731,1,StopPoint:OCETGV INOUI-87212027,Strasbourg,15:38:00,15:56:00,0,0,15:38:00,15:56:00,0,active,1776087043,0.0
,2369,20260731,2,StopPoint:OCETGV INOUI-87182014,Colmar,16:28:00,16:28:00,0,0,16:28:00,16:28:00,0,active,1776087043,0.0
,2377,20260726,0,StopPoint:OCETGV INOUI-87113001,Paris Est,18:55:00,18:55:00,0,0,18:55:00,18:55:00,0,upcoming,1776087043,0.0
,2377,20260726,1,StopPoint:OCETGV INOUI-87212027,Strasbourg,20:40:00,20:47:00,0,0,20:40:00,20:47:00,0,upcoming,1776087043,0.0
,2377,20260726,2,StopPoint:OCETGV INOUI-87214056,Sélestat,21:06:00,21:09:00,0,0,21:06:00,21:09:00,0,upcoming,1776087043,0.0
,2377,20260726,3,StopPoint:OCETGV INOUI-87182014,Colmar,21:20:00,21:20:00,0,0,21:20:00,21:20:00,0,upcoming,1776087043,0.0
,2404,20260703,0,StopPoint:OCETGV INOUI-87212027,Strasbourg,06:30:00,06:30:00,0,0,,,0,finished,1776087043,0.0
,2404,20260703,1,StopPoint:OCETGV INOUI-87147322,Meuse TGV,07:19:00,07:21:00,0,0,,,0,finished,1776087043,0.0
,2404,20260703,2,StopPoint:OCETGV INOUI-87113001,Paris Est,08:21:00,08:21:00,0,0,,,0,finished,1776087043,0.0
,2406,20260727,0,StopPoint:OCETGV INOUI-87212027,Strasbourg,10:31:00,10:31:00,0,0,,,0,finished,1776087043,0.0
,2406,20260727,1,StopPoint:OCETGV INOUI-87113001,Paris Est,12:16:00,12:16:00,0,0,,,0,finished,1776087043,0.0
,2407,20260731,0,StopPoint:OCETGV INOUI-87113001,Paris Est,07:58:00,07:58:00,0,0,,,0,finished,1776087043,0.0
,2407,20260731,1,StopPoint:OCETGV INOUI-87171926,Champagne-Ardenne TGV,08:38:00,08:41:00,0,0,,,0,finished,1776087043,0.0
,2407,20260731,2,StopPoint:OCETGV INOUI-87147322,Meuse TGV,09:05:00,09:08:00,0,0,,,0,finished,1776087043,0.0
,2407,20260731,3,StopPoint:OCETGV INOUI-87212027,Strasbourg,09:59:00,09:59:00,0,0,,,0,finished,1776087043,0.0
,2409,20260703,0,StopPoint:OCETGV INOUI-87113001,Paris Est,10:13:00,10:13:00,0,0,,,0,finished,1776087043,0.0
,2409,20260703,1,StopPoint:OCETGV INOUI-87212027,Strasbourg,11:59:00,11:59:00,0,0,,,0,finished,1776087043,0.0
,2421,20260731,0,StopPoint:OCETGV INOUI-87113001,Paris Est,12:46:00,12:46:00,0,0,,,0,finished,1776087043,0.0
,2421,20260731,1,StopPoint:OCETGV INOUI-87171926,Champagne-Ardenne TGV,13:26:00,13:29:00,0,0,,,0,finished,1776087043,0.0
,2421,20260731,2,StopPoint:OCETGV INOUI-87212027,Strasbourg,14:40:00,14:40:00,0,0,,,0,finished,1776087043,0.0
,2440,20260726,0,StopPoint:OCETGV INOUI-87212027,Strasbourg,15:44:00,15:44:00,0,0,15:44:00,15:44:00,0,upcoming,1776087043,0.0
,2440,20260726,1,StopPoint:OCETGV INOUI-87113001,Paris Est,17:37:00,17:37:00,0,0,17:37:00,17:37:00,0,upcoming,1776087043,0.0
,2454,20260702,0,StopPoint:OCETGV INOUI-87212027,Strasbourg,18:23:00,18:23:00,0,0,18:23:00,18:23:00,0,upcoming,1776087043,0.0
,2454,20260702,1,StopPoint:OCETGV INOUI-87171926,Champagne-Ardenne TGV,19:31:00,19:34:00,0,0,19:31:00,19:34:00,0,upcoming,1776087043,0.0
,2454,20260702,2,StopPoint:OCETGV INOUI-87113001,Paris Est,20:16:00,20:16:00,0,0,20:16:00,20:16:00,0,upcoming,1776087043,0.0
,2465,20260731,0,StopPoint:OCETGV INOUI-87113001,Paris Est,20:25:00,20:25:00,0,0,20:25:00,20:25:00,0,upcoming,1776087043,0.0
,2465,20260731,1,StopPoint:OCETGV INOUI-87147322,Meuse TGV,21:25:00,21:28:00,0,0,21:25:00,21:28:00,0,upcoming,1776087043,0.0
,2465,20260731,2,StopPoint:OCETGV INOUI-87142109,Lorraine TGV,21:46:00,21:49:00,0,0,21:46:00,21:49:00,0,upcoming,1776087043,0.0
,2465,20260731,3,StopPoint:OCETGV INOUI-87212027,Strasbourg,22:25:00,22:25:00,0,0,22:25:00,22:25:00,0,upcoming,1776087043,0.0
,2501,20260731,0,StopPoint:OCETGV INOUI-87113001,Paris Est,07:06:00,07:06:00,0,0,,,0,finished,1776087043,0.0
,2501,20260731,1,StopPoint:OCETGV INOUI-87171926,Champagne-Ardenne TGV,07:45:00,07:48:00,0,0,,,0,finished,1776087043,0.0
,2501,20260731,2,StopPoint:OCETGV INOUI-87141002,Nancy,08:44:00,08:44:00,0,0,,,0,finished,1776087043,0.0
,2507,20260703,0,StopPoint:OCETGV INOUI-87113001,Paris Est,11:04:00,11:04:00,0,0,,,0,finished,1776087043,0.0
,2507,20260703,1,StopPoint:OCETGV INOUI-87141002,Nancy,12:36:00,12:36:00,0,0,,,0,finished,1776087043,0.0
,2509,20260730,0,StopPoint:OCETGV INOUI-87113001,Paris Est,13:58:00,13:58:00,0,0,13:58:00,13:58:00,0,active,1776087043,0.0
,2509,20260730,1,StopPoint:OCETGV INOUI-87171926,Champagne-Ardenne TGV,14:38:00,14:41:00,0,0,14:38:00,14:41:00,0,active,1776087043,0.0
,2509,20260730,2,StopPoint:OCETGV INOUI-87147322,Meuse TGV,15:05:00,15:09:00,0,0,15:05:00,15:09:00,0,active,1776087043,0.0
,2509,20260730,3,StopPoint:OCETGV INOUI-87141002,Nancy,15:44:00,15:44:00,0,0,15:44:00,15:44:00,0,active,1776087043,0.0
,2513,20260705,0,StopPoint:OCETGV INOUI-87113001,Paris Est,16:07:00,16:07:00,0,0,16:07:00,16:07:00,0,upcoming,1776087043,0.0
,2513,20260705,1,StopPoint:OCETGV INOUI-87171926,Champagne-Ardenne TGV,16:46:00,16:49:00,0,0,16:46:00,16:49:00,0,upcoming,1776087043,0.0
,2513,20260705,2,StopPoint:OCETGV INOUI-87141002,Nancy,17:44:00,17:44:00,0,0,17:44:00,17:44:00,0,upcoming,1776087043,0.0
,2515,20260702,0,StopPoint:OCETGV INOUI-87113001,Paris Est,17:13:00,17:13:00,0,0,17:13:00,17:13:00,0,upcoming,1776087043,0.0
,2515,20260702,1,StopPoint:OCETGV INOUI-87141002,Nancy,18:44:00,18:44:00,0,0,18:44:00,18:44:00,0,upcoming,1776087043,0.0
,2530,20260727,0,StopPoint:OCETGV INOUI-87141002,Nancy,06:12:00,06:12:00,0,0,,,0,finished,1776087043,0.0
,2530,20260727,1,StopPoint:OCETGV INOUI-87113001,Paris Est,07:46:00,07:46:00,0,0,,,0,finished,1776087043,0.0
,2536,20260731,0,StopPoint:OCETGV INOUI-87141002,Nancy,10:11:00,10:11:00,0,0,,,0,finished,1776087043,0.0
,2536,20260731,1,StopPoint:OCETGV INOUI-87171926,Champagne-Ardenne TGV,11:04:00,11:07:00,0,0,,,0,finished,1776087043,0.0
,2536,20260731,2,StopPoint:OCETGV INOUI-87113001,Paris Est,11:48:00,11:48:00,0,0,,,0,finished,1776087043,0.0
,2540,20260703,0,StopPoint:OCETGV INOUI-87141002,Nancy,13:11:00,13:11:00,0,0,,,0,finished,1776087043,0.0
,2540,20260703,1,StopPoint:OCETGV INOUI-87147322,Meuse TGV,13:45:00,13:48:00,0,0,,,0,finished,1776087043,0.0
,2540,20260703,2,StopPoint:OCETGV INOUI-87113001,Paris Est,14:48:00,14:48:00,0,0,,,0,finished,1776087043,0.0
,2542,20260730,0,StopPoint:OCETGV INOUI-87141002,Nancy,16:24:00,16:24:00,0,0,16:24:00,16:24:00,0,upcoming,1776087043,0.0
,2542,20260730,1,StopPoint:OCETGV INOUI-87171926,Champagne-Ardenne TGV,17:17:00,17:20:00,0,0,17:17:00,17:20:00,0,upcoming,1776087043,0.0
,2542,20260730,2,StopPoint:OCETGV INOUI-87113001,Paris Est,18:01:00,18:01:00,0,0,18:01:00,18:01:00,0,upcoming,1776087043,0.0
,2548,20260731,0,StopPoint:OCETGV INOUI-87141002,Nancy,18:11:00,18:11:00,0,0,18:11:00,18:11:00,0,upcoming,1776087043,0.0
,2548,20260731,1,StopPoint:OCETGV INOUI-87147322,Meuse TGV,18:45:00,18:48:00,0,0,18:45:00,18:48:00,0,upcoming,1776087043,0.0
,2548,20260731,2,StopPoint:OCETGV INOUI-87113001,Paris Est,19:50:00,19:50:00,0,0,19:50:00,19:50:00,0,upcoming,1776087043,0.0
,2552,20260731,0,StopPoint:OCETGV INOUI-87141002,Nancy,19:43:00,19:43:00,0,0,19:43:00,19:43:00,0,upcoming,1776087043,0.0
,2552,20260731,1,StopPoint:OCETGV INOUI-87171926,Champagne-Ardenne TGV,20:37:00,20:40:00,0,0,20:37:00,20:40:00,0,upcoming,1776087043,0.0
,2552,20260731,2,StopPoint:OCETGV INOUI-87113001,Paris Est,21:20:00,21:20:00,0,0,21:20:00,21:20:00,0,upcoming,1776087043,0.0
,2571,20260424,0,StopPoint:OCETGV INOUI-87113001,Paris Est,09:11:00,09:11:00,0,0,,,0,finished,1776087043,0.0
,2571,20260424,1,StopPoint:OCETGV INOUI-87171926,Champagne-Ardenne TGV,09:51:00,09:54:00,0,0,,,0,finished,1776087043,0.0
,2571,20260424,2,StopPoint:OCETGV INOUI-87141002,Nancy,10:49:00,10:49:00,0,0,,,0,finished,1776087043,0.0
,2573,20260731,0,StopPoint:OCETGV INOUI-87113001,Paris Est,18:07:00,18:07:00,0,0,18:07:00,18:07:00,0,upcoming,1776087043,0.0
,2573,20260731,1,StopPoint:OCETGV INOUI-87147322,Meuse TGV,19:06:00,19:09:00,0,0,19:06:00,19:09:00,0,upcoming,1776087043,0.0
,2573,20260731,2,StopPoint:OCETGV INOUI-87141002,Nancy,19:44:00,19:58:00,0,0,19:44:00,19:58:00,0,upcoming,1776087043,0.0
,2573,20260731,3,StopPoint:OCETGV INOUI-87144006,Épinal,20:39:00,20:42:00,0,0,20:39:00,20:42:00,0,upcoming,1776087043,0.0
,2573,20260731,4,StopPoint:OCETGV INOUI-87144451,Remiremont,21:06:00,21:06:00,0,0,21:06:00,21:06:00,0,upcoming,1776087043,0.0
,2574,20260718,0,StopPoint:OCETGV INOUI-87144451,Remiremont,05:59:00,05:59:00,0,0,,,0,finished,1776087043,0.0
,2574,20260718,1,StopPoint:OCETGV INOUI-87144006,Épinal,06:20:00,06:23:00,0,0,,,0,finished,1776087043,0.0
,2574,20260718,2,StopPoint:OCETGV INOUI-87141002,Nancy,07:05:00,07:16:00,0,0,,,0,finished,1776087043,0.0
,2574,20260718,3,StopPoint:OCETGV INOUI-87113001,Paris Est,08:46:00,08:46:00,0,0,,,0,finished,1776087043,0.0
,2583,20260701,0,StopPoint:OCETGV INOUI-87113001,Paris Est,19:24:00,19:24:00,0,0,19:24:00,19:24:00,0,upcoming,1776087043,0.0
,2583,20260701,1,StopPoint:OCETGV INOUI-87141002,Nancy,20:55:00,21:05:00,0,0,20:55:00,21:05:00,0,upcoming,1776087043,0.0
,2583,20260701,2,StopPoint:OCETGV INOUI-87215012,Sarrebourg,21:42:00,21:45:00,0,0,21:42:00,21:45:00,0,upcoming,1776087043,0.0
,2583,20260701,3,StopPoint:OCETGV INOUI-87212225,Saverne,22:01:00,22:04:00,0,0,22:01:00,22:04:00,0,upcoming,1776087043,0.0
,2583,20260701,4,StopPoint:OCETGV INOUI-87212027,Strasbourg,22:37:00,22:37:00,0,0,22:37:00,22:37:00,0,upcoming,1776087043,0.0
,2584,20260703,0,StopPoint:OCETGV INOUI-87212027,Strasbourg,05:41:00,05:41:00,0,0,,,0,finished,1776087043,0.0
,2584,20260703,1,StopPoint:OCETGV INOUI-87212225,Saverne,06:03:00,06:06:00,0,0,,,0,finished,1776087043,0.0
,2584,20260703,2,StopPoint:OCETGV INOUI-87215012,Sarrebourg,06:21:00,06:24:00,0,0,,,0,finished,1776087043,0.0
,2584,20260703,3,StopPoint:OCETGV INOUI-87141150,Lunéville,06:46:00,06:49:00,0,0,,,0,finished,1776087043,0.0
,2584,20260703,4,StopPoint:OCETGV INOUI-87141002,Nancy,07:09:00,07:16:00,0,0,,,0,finished,1776087043,0.0
,2584,20260703,5,StopPoint:OCETGV INOUI-87113001,Paris Est,08:46:00,08:46:00,0,0,,,0,finished,1776087043,0.0
,2593,20260731,0,StopPoint:OCETGV INOUI-87113001,Paris Est,18:07:00,18:07:00,0,0,18:07:00,18:07:00,0,upcoming,1776087043,0.0
,2593,20260731,1,StopPoint:OCETGV INOUI-87147322,Meuse TGV,19:06:00,19:09:00,0,0,19:06:00,19:09:00,0,upcoming,1776087043,0.0
,2593,20260731,2,StopPoint:OCETGV INOUI-87141002,Nancy,19:44:00,19:50:00,0,0,19:44:00,19:50:00,0,upcoming,1776087043,0.0
,2593,20260731,3,StopPoint:OCETGV INOUI-87141150,Lunéville,20:08:00,20:11:00,0,0,20:08:00,20:11:00,0,upcoming,1776087043,0.0
,2593,20260731,4,StopPoint:OCETGV INOUI-87144014,Saint-Dié-des-Vosges,20:47:00,20:47:00,0,0,20:47:00,20:47:00,0,upcoming,1776087043,0.0
,2596,20260703,0,StopPoint:OCETGV INOUI-87144014,Saint-Dié-des-Vosges,07:15:00,07:15:00,0,0,,,0,finished,1776087043,0.0
,2596,20260703,1,StopPoint:OCETGV INOUI-87141002,Nancy,08:09:00,08:16:00,0,0,,,0,finished,1776087043,0.0
,2596,20260703,2,StopPoint:OCETGV INOUI-87113001,Paris Est,09:46:00,09:46:00,0,0,,,0,finished,1776087043,0.0
,2613,20260702,0,StopPoint:OCETGV INOUI-87113001,Paris Est,15:24:00,15:24:00,0,0,15:24:00,15:24:00,0,active,1776087043,0.0
,2613,20260702,1,StopPoint:OCETGV INOUI-87192039,Metz,16:48:00,16:48:00,0,0,16:48:00,16:48:00,0,active,1776087043,0.0
,2625,20260629,0,StopPoint:OCETGV INOUI-87113001,Paris Est,18:40:00,18:40:00,0,0,18:40:00,18:40:00,0,upcoming,1776087043,0.0
,2625,20260629,1,StopPoint:OCETGV INOUI-87171926,Champagne-Ardenne TGV,19:19:00,19:22:00,0,0,19:19:00,19:22:00,0,upcoming,1776087043,0.0
,2625,20260629,2,StopPoint:OCETGV INOUI-87192039,Metz,20:10:00,20:10:00,0,0,20:10:00,20:10:00,0,upcoming,1776087043,0.0
,2650,20260703,0,StopPoint:OCETGV INOUI-87192039,Metz,06:23:00,06:23:00,0,0,,,0,finished,1776087043,0.0
,2650,20260703,1,StopPoint:OCETGV INOUI-87113001,Paris Est,07:50:00,07:50:00,0,0,,,0,finished,1776087043,0.0
,2656,20260730,0,StopPoint:OCETGV INOUI-87192039,Metz,08:54:00,08:54:00,0,0,,,0,finished,1776087043,0.0
,2656,20260730,1,StopPoint:OCETGV INOUI-87147322,Meuse TGV,09:21:00,09:24:00,0,0,,,0,finished,1776087043,0.0
,2656,20260730,2,StopPoint:OCETGV INOUI-87113001,Paris Est,10:24:00,10:24:00,0,0,,,0,finished,1776087043,0.0
,2680,20260702,0,StopPoint:OCETGV INOUI-87192039,Metz,17:20:00,17:20:00,0,0,17:20:00,17:20:00,0,upcoming,1776087043,0.0
,2680,20260702,1,StopPoint:OCETGV INOUI-87171926,Champagne-Ardenne TGV,18:08:00,18:11:00,0,0,18:08:00,18:11:00,0,upcoming,1776087043,0.0
,2680,20260702,2,StopPoint:OCETGV INOUI-87113001,Paris Est,18:52:00,18:52:00,0,0,18:52:00,18:52:00,0,upcoming,1776087043,0.0
,2706,20260731,0,StopPoint:OCETGV INOUI-87171009,Reims,06:45:00,06:45:00,0,0,,,0,finished,1776087043,0.0
,2706,20260731,1,StopPoint:OCETGV INOUI-87113001,Paris Est,07:31:00,07:31:00,0,0,,,0,finished,1776087043,0.0
,2707,20260703,0,StopPoint:OCETGV INOUI-87113001,Paris Est,07:39:00,07:39:00,0,0,,,0,finished,1776087043,0.0
,2707,20260703,1,StopPoint:OCETGV INOUI-87171009,Reims,08:25:00,08:25:00,0,0,,,0,finished,1776087043,0.0
,2709,20260424,0,StopPoint:OCETGV INOUI-87113001,Paris Est,08:28:00,08:28:00,0,0,,,0,finished,1776087043,0.0
,2709,20260424,1,StopPoint:OCETGV INOUI-87171009,Reims,09:14:00,09:14:00,0,0,,,0,finished,1776087043,0.0
,2712,20260713,0,StopPoint:OCETGV INOUI-87171009,Reims,07:45:00,07:45:00,0,0,,,0,finished,1776087043,0.0
,2712,20260713,1,StopPoint:OCETGV INOUI-87113001,Paris Est,08:31:00,08:31:00,0,0,,,0,finished,1776087043,0.0
,2714,20260606,0,StopPoint:OCETGV INOUI-87172254,Sedan,06:53:00,06:53:00,0,0,,,0,finished,1776087043,0.0
,2714,20260606,1,StopPoint:OCETGV INOUI-87172007,Charleville-Mézières,07:07:00,07:17:00,0,0,,,0,finished,1776087043,0.0
,2714,20260606,2,StopPoint:OCETGV INOUI-87172270,Rethel,07:44:00,07:47:00,0,0,,,0,finished,1776087043,0.0
,2714,20260606,3,StopPoint:OCETGV INOUI-87171009,Reims,08:09:00,08:15:00,0,0,,,0,finished,1776087043,0.0
,2714,20260606,4,StopPoint:OCETGV INOUI-87113001,Paris Est,09:01:00,09:01:00,0,0,,,0,finished,1776087043,0.0
,2716,20260703,0,StopPoint:OCETGV INOUI-87171009,Reims,08:45:00,08:45:00,0,0,,,0,finished,1776087043,0.0
,2716,20260703,1,StopPoint:OCETGV INOUI-87113001,Paris Est,09:31:00,09:31:00,0,0,,,0,finished,1776087043,0.0
,2719,20260703,0,StopPoint:OCETGV INOUI-87113001,Paris Est,10:28:00,10:28:00,0,0,,,0,finished,1776087043,0.0
,2719,20260703,1,StopPoint:OCETGV INOUI-87171009,Reims,11:14:00,11:14:00,0,0,,,0,finished,1776087043,0.0
,2722,20260703,0,StopPoint:OCETGV INOUI-87171009,Reims,11:56:00,11:56:00,0,0,,,0,finished,1776087043,0.0
,2722,20260703,1,StopPoint:OCETGV INOUI-87113001,Paris Est,12:42:00,12:42:00,0,0,,,0,finished,1776087043,0.0
,2730,20260424,0,StopPoint:OCETGV INOUI-87171009,Reims,14:15:00,14:15:00,0,0,,,0,finished,1776087043,0.0
,2730,20260424,1,StopPoint:OCETGV INOUI-87113001,Paris Est,15:01:00,15:01:00,0,0,,,0,finished,1776087043,0.0
,2743,20260703,0,StopPoint:OCETGV INOUI-87113001,Paris Est,15:42:00,15:42:00,0,0,15:42:00,15:42:00,0,upcoming,1776087043,0.0
,2743,20260703,1,StopPoint:OCETGV INOUI-87171009,Reims,16:28:00,16:28:00,0,0,16:28:00,16:28:00,0,upcoming,1776087043,0.0
,2747,20260731,0,StopPoint:OCETGV INOUI-87113001,Paris Est,17:28:00,17:28:00,0,0,17:28:00,17:28:00,0,upcoming,1776087043,0.0
,2747,20260731,1,StopPoint:OCETGV INOUI-87171009,Reims,18:14:00,18:14:00,0,0,18:14:00,18:14:00,0,upcoming,1776087043,0.0
,2751,20260607,0,StopPoint:OCETGV INOUI-87113001,Paris Est,18:28:00,18:28:00,0,0,18:28:00,18:28:00,0,upcoming,1776087043,0.0
,2751,20260607,1,StopPoint:OCETGV INOUI-87171009,Reims,19:14:00,19:20:00,0,0,19:14:00,19:20:00,0,upcoming,1776087043,0.0
,2751,20260607,2,StopPoint:OCETGV INOUI-87172270,Rethel,19:40:00,19:43:00,0,0,19:40:00,19:43:00,0,upcoming,1776087043,0.0
,2751,20260607,3,StopPoint:OCETGV INOUI-87172007,Charleville-Mézières,20:11:00,20:20:00,0,0,20:11:00,20:20:00,0,upcoming,1776087043,0.0
,2751,20260607,4,StopPoint:OCETGV INOUI-87172254,Sedan,20:35:00,20:35:00,0,0,20:35:00,20:35:00,0,upcoming,1776087043,0.0
,2752,20260731,0,StopPoint:OCETGV INOUI-87171009,Reims,16:59:00,16:59:00,0,0,16:59:00,16:59:00,0,upcoming,1776087043,0.0
,2752,20260731,1,StopPoint:OCETGV INOUI-87113001,Paris Est,17:46:00,17:46:00,0,0,17:46:00,17:46:00,0,upcoming,1776087043,0.0
,2759,20260730,0,StopPoint:OCETGV INOUI-87113001,Paris Est,20:58:00,20:58:00,0,0,20:58:00,20:58:00,0,upcoming,1776087043,0.0
,2759,20260730,1,StopPoint:OCETGV INOUI-87171009,Reims,21:44:00,21:44:00,0,0,21:44:00,21:44:00,0,upcoming,1776087043,0.0
,2760,20260725,0,StopPoint:OCETGV INOUI-87171009,Reims,19:00:00,19:00:00,0,0,19:00:00,19:00:00,0,upcoming,1776087043,0.0
,2760,20260725,1,StopPoint:OCETGV INOUI-87113001,Paris Est,19:45:00,19:45:00,0,0,19:45:00,19:45:00,0,upcoming,1776087043,0.0
,2778,20260731,0,StopPoint:OCETGV INOUI-87175042,Bar-le-Duc,06:10:00,06:10:00,0,0,,,0,finished,1776087043,0.0
,2778,20260731,1,StopPoint:OCETGV INOUI-87174276,Vitry-le-François,06:33:00,06:36:00,0,0,,,0,finished,1776087043,0.0
,2778,20260731,2,StopPoint:OCETGV INOUI-87174003,Châlons-en-Champagne,06:52:00,06:55:00,0,0,,,0,finished,1776087043,0.0
,2778,20260731,3,StopPoint:OCETGV INOUI-87171926,Champagne-Ardenne TGV,07:14:00,07:17:00,0,0,,,0,finished,1776087043,0.0
,2778,20260731,4,StopPoint:OCETGV INOUI-87113001,Paris Est,08:01:00,08:01:00,0,0,,,0,finished,1776087043,0.0
,2785,20260423,0,StopPoint:OCETGV INOUI-87113001,Paris Est,19:28:00,19:28:00,0,0,19:28:00,19:28:00,0,upcoming,1776087043,0.0
,2785,20260423,1,StopPoint:OCETGV INOUI-87171926,Champagne-Ardenne TGV,20:08:00,20:11:00,0,0,20:08:00,20:11:00,0,upcoming,1776087043,0.0
,2785,20260423,2,StopPoint:OCETGV INOUI-87174003,Châlons-en-Champagne,20:33:00,20:36:00,0,0,20:33:00,20:36:00,0,upcoming,1776087043,0.0
,2785,20260423,3,StopPoint:OCETGV INOUI-87174276,Vitry-le-François,20:53:00,20:56:00,0,0,20:53:00,20:56:00,0,upcoming,1776087043,0.0
,2785,20260423,4,StopPoint:OCETGV INOUI-87175042,Bar-le-Duc,21:20:00,21:20:00,0,0,21:20:00,21:20:00,0,upcoming,1776087043,0.0
,2801,20260706,0,StopPoint:OCETGV INOUI-87113001,Paris Est,07:20:00,07:20:00,0,0,,,0,finished,1776087043,0.0
,2801,20260706,1,StopPoint:OCETGV INOUI-87171926,Champagne-Ardenne TGV,08:00:00,08:03:00,0,0,,,0,finished,1776087043,0.0
,2801,20260706,2,StopPoint:OCETGV INOUI-87192039,Metz,08:51:00,08:57:00,0,0,,,0,finished,1776087043,0.0
,2801,20260706,3,StopPoint:OCETGV INOUI-87191007,Thionville,09:16:00,09:20:00,0,0,,,0,finished,1776087043,0.0
,2801,20260706,4,StopPoint:OCETGV INOUI-82001000,Luxembourg,09:45:00,09:45:00,0,0,,,0,finished,1776087043,0.0
,2807,20260420,0,StopPoint:OCETGV INOUI-87113001,Paris Est,08:21:00,08:21:00,0,0,,,0,finished,1776087043,0.0
,2807,20260420,1,StopPoint:OCETGV INOUI-87192039,Metz,09:43:00,09:48:00,0,0,,,0,finished,1776087043,0.0
,2807,20260420,2,StopPoint:OCETGV INOUI-87191007,Thionville,10:08:00,10:11:00,0,0,,,0,finished,1776087043,0.0
,2807,20260420,3,StopPoint:OCETGV INOUI-82001000,Luxembourg,10:33:00,10:33:00,0,0,,,0,finished,1776087043,0.0
,2815,20260424,0,StopPoint:OCETGV INOUI-87113001,Paris Est,10:40:00,10:40:00,0,0,,,0,finished,1776087043,0.0
,2815,20260424,1,StopPoint:OCETGV INOUI-87192039,Metz,12:03:00,12:08:00,0,0,,,0,finished,1776087043,0.0
,2815,20260424,2,StopPoint:OCETGV INOUI-87191007,Thionville,12:28:00,12:30:00,0,0,,,0,finished,1776087043,0.0
,2815,20260424,3,StopPoint:OCETGV INOUI-82001000,Luxembourg,12:51:00,12:51:00,0,0,,,0,finished,1776087043,0.0
,2817,20260413,0,StopPoint:OCETGV INOUI-87113001,Paris Est,13:39:00,13:39:00,0,0,13:39:00,13:39:00,0,active,1776087043,0.0
,2817,20260413,1,StopPoint:OCETGV INOUI-87192039,Metz,15:03:00,15:09:00,0,0,15:03:00,15:09:00,0,active,1776087043,0.0
,2817,20260413,2,StopPoint:OCETGV INOUI-87191007,Thionville,15:28:00,15:30:00,0,0,15:28:00,15:30:00,0,active,1776087043,0.0
,2817,20260413,3,StopPoint:OCETGV INOUI-82001000,Luxembourg,15:51:00,15:51:00,0,0,15:51:00,15:51:00,0,active,1776087043,0.0
,2833,20260710,0,StopPoint:OCETGV INOUI-87113001,Paris Est,17:40:00,17:40:00,0,0,17:40:00,17:40:00,0,upcoming,1776087043,0.0
,2833,20260710,1,StopPoint:OCETGV INOUI-87192039,Metz,19:04:00,19:10:00,0,0,19:04:00,19:10:00,0,upcoming,1776087043,0.0
,2833,20260710,2,StopPoint:OCETGV INOUI-87191007,Thionville,19:27:00,19:30:00,0,0,19:27:00,19:30:00,0,upcoming,1776087043,0.0
,2833,20260710,3,StopPoint:OCETGV INOUI-82001000,Luxembourg,19:53:00,19:53:00,0,0,19:53:00,19:53:00,0,upcoming,1776087043,0.0
,2839,20260714,0,StopPoint:OCETGV INOUI-87113001,Paris Est,19:40:00,19:40:00,0,0,19:40:00,19:40:00,0,upcoming,1776087043,0.0
,2839,20260714,1,StopPoint:OCETGV INOUI-87192039,Metz,21:04:00,21:10:00,0,0,21:04:00,21:10:00,0,upcoming,1776087043,0.0
,2839,20260714,2,StopPoint:OCETGV INOUI-87191007,Thionville,21:28:00,21:31:00,0,0,21:28:00,21:31:00,0,upcoming,1776087043,0.0
,2839,20260714,3,StopPoint:OCETGV INOUI-82001000,Luxembourg,21:53:00,21:53:00,0,0,21:53:00,21:53:00,0,upcoming,1776087043,0.0
,2854,20260629,0,StopPoint:OCETGV INOUI-82001000,Luxembourg,06:39:00,06:39:00,0,0,,,0,finished,1776087043,0.0
,2854,20260629,1,StopPoint:OCETGV INOUI-87191007,Thionville,07:00:00,07:02:00,0,0,,,0,finished,1776087043,0.0
,2854,20260629,2,StopPoint:OCETGV INOUI-87192039,Metz,07:22:00,07:28:00,0,0,,,0,finished,1776087043,0.0
,2854,20260629,3,StopPoint:OCETGV INOUI-87113001,Paris Est,08:50:00,08:50:00,0,0,,,0,finished,1776087043,0.0
,2864,20260420,0,StopPoint:OCETGV INOUI-82001000,Luxembourg,10:08:00,10:08:00,0,0,,,0,finished,1776087043,0.0
,2864,20260420,1,StopPoint:OCETGV INOUI-87191007,Thionville,10:31:00,10:33:00,0,0,,,0,finished,1776087043,0.0
,2864,20260420,2,StopPoint:OCETGV INOUI-87192039,Metz,11:07:00,11:12:00,0,0,,,0,finished,1776087043,0.0
,2864,20260420,3,StopPoint:OCETGV INOUI-87113001,Paris Est,12:38:00,12:38:00,0,0,,,0,finished,1776087043,0.0
,2870,20260423,0,StopPoint:OCETGV INOUI-82001000,Luxembourg,14:10:00,14:10:00,0,0,14:10:00,14:10:00,0,active,1776087043,0.0
,2870,20260423,1,StopPoint:OCETGV INOUI-87191007,Thionville,14:31:00,14:34:00,0,0,14:31:00,14:34:00,0,active,1776087043,0.0
,2870,20260423,2,StopPoint:OCETGV INOUI-87192039,Metz,14:55:00,15:07:00,0,0,14:55:00,15:07:00,0,active,1776087043,0.0
,2870,20260423,3,StopPoint:OCETGV INOUI-87113001,Paris Est,16:30:00,16:30:00,0,0,16:30:00,16:30:00,0,active,1776087043,0.0
,2872,20260714,0,StopPoint:OCETGV INOUI-82001000,Luxembourg,16:10:00,16:10:00,0,0,16:10:00,16:10:00,0,upcoming,1776087043,0.0
,2872,20260714,1,StopPoint:OCETGV INOUI-87191007,Thionville,16:31:00,16:34:00,0,0,16:31:00,16:34:00,0,upcoming,1776087043,0.0
,2872,20260714,2,StopPoint:OCETGV INOUI-87192039,Metz,16:52:00,16:57:00,0,0,16:52:00,16:57:00,0,upcoming,1776087043,0.0
,2872,20260714,3,StopPoint:OCETGV INOUI-87113001,Paris Est,18:20:00,18:20:00,0,0,18:20:00,18:20:00,0,upcoming,1776087043,0.0
,2886,20260709,0,StopPoint:OCETGV INOUI-82001000,Luxembourg,18:46:00,18:46:00,0,0,18:46:00,18:46:00,0,upcoming,1776087043,0.0
,2886,20260709,1,StopPoint:OCETGV INOUI-87191007,Thionville,19:09:00,19:12:00,0,0,19:09:00,19:12:00,0,upcoming,1776087043,0.0
,2886,20260709,2,StopPoint:OCETGV INOUI-87192039,Metz,19:35:00,19:42:00,0,0,19:35:00,19:42:00,0,upcoming,1776087043,0.0
,2886,20260709,3,StopPoint:OCETGV INOUI-87171926,Champagne-Ardenne TGV,20:29:00,20:32:00,0,0,20:29:00,20:32:00,0,upcoming,1776087043,0.0
,2886,20260709,4,StopPoint:OCETGV INOUI-87113001,Paris Est,21:13:00,21:13:00,0,0,21:13:00,21:13:00,0,upcoming,1776087043,0.0
,5440,20260413,0,StopPoint:OCETGV INOUI-87581009,Bordeaux Saint-Jean,08:52:00,08:52:00,0,0,,,0,finished,1776087043,0.0
,5440,20260413,1,StopPoint:OCETGV INOUI-87583005,Angoulême,09:31:00,09:36:00,0,0,,,0,finished,1776087043,0.0
,5440,20260413,2,StopPoint:OCETGV INOUI-87575001,Poitiers,10:16:00,10:20:00,0,0,,,0,finished,1776087043,0.0
,5440,20260413,3,StopPoint:OCETGV INOUI-87571240,Saint-Pierre-des-Corps,10:51:00,10:56:00,0,0,,,0,finished,1776087043,0.0
,5440,20260413,4,StopPoint:OCETGV INOUI-87393702,Massy TGV,11:53:00,11:56:00,0,0,,,0,finished,1776087043,0.0
,5440,20260413,5,StopPoint:OCETGV INOUI-87111849,Marne-la-Vallée Chessy,12:26:00,12:32:00,0,0,,,0,finished,1776087043,0.0
,5440,20260413,6,StopPoint:OCETGV INOUI-87171926,Champagne-Ardenne TGV,13:01:00,13:04:00,0,0,,,0,finished,1776087043,0.0
,5440,20260413,7,StopPoint:OCETGV INOUI-87147322,Meuse TGV,13:28:00,13:31:00,0,0,,,0,finished,1776087043,0.0
,5440,20260413,8,StopPoint:OCETGV INOUI-87142109,Lorraine TGV,13:50:00,13:53:00,0,0,,,0,finished,1776087043,0.0
,5440,20260413,9,StopPoint:OCETGV INOUI-87212027,Strasbourg,14:30:00,14:30:00,0,0,,,0,finished,1776087043,0.0
,5454,20260417,0,StopPoint:OCETGV INOUI-87212027,Strasbourg,14:01:00,14:01:00,0,0,14:01:00,14:01:00,0,active,1776087043,0.0
,5454,20260417,1,StopPoint:OCETGV INOUI-87142109,Lorraine TGV,14:36:00,14:39:00,0,0,14:36:00,14:39:00,0,active,1776087043,0.0
,5454,20260417,2,StopPoint:OCETGV INOUI-87147322,Meuse TGV,14:57:00,15:00:00,0,0,14:57:00,15:00:00,0,active,1776087043,0.0
,5454,20260417,3,StopPoint:OCETGV INOUI-87171926,Champagne-Ardenne TGV,15:23:00,15:26:00,0,0,15:23:00,15:26:00,0,active,1776087043,0.0
,5454,20260417,4,StopPoint:OCETGV INOUI-87271494,Aéroport Charles de Gaulle 2 TGV,15:57:00,16:12:00,0,0,15:57:00,16:12:00,0,active,1776087043,0.0
,5454,20260417,5,StopPoint:OCETGV INOUI-87111849,Marne-la-Vallée Chessy,16:23:00,16:31:00,0,0,16:23:00,16:31:00,0,active,1776087043,0.0
,5454,20260417,6,StopPoint:OCETGV INOUI-87393702,Massy TGV,17:02:00,17:05:00,0,0,17:02:00,17:05:00,0,active,1776087043,0.0
,5454,20260417,7,StopPoint:OCETGV INOUI-87571240,Saint-Pierre-des-Corps,18:03:00,18:07:00,0,0,18:03:00,18:07:00,0,active,1776087043,0.0
,5454,20260417,8,StopPoint:OCETGV INOUI-87575001,Poitiers,18:38:00,18:42:00,0,0,18:38:00,18:42:00,0,active,1776087043,0.0
,5454,20260417,9,StopPoint:OCETGV INOUI-87583005,Angoulême,19:20:00,19:23:00,0,0,19:20:00,19:23:00,0,active,1776087043,0.0
,5454,20260417,10,StopPoint:OCETGV INOUI-87581009,Bordeaux Saint-Jean,20:03:00,20:03:00,0,0,20:03:00,20:03:00,0,active,1776087043,0.0
,5460,20260418,0,StopPoint:OCETGV INOUI-87471003,Rennes,16:03:00,16:03:00,0,0,16:03:00,16:03:00,0,upcoming,1776087043,0.0
,5460,20260418,1,StopPoint:OCETGV INOUI-87396002,Le Mans,16:50:00,16:57:00,0,0,16:50:00,16:57:00,0,upcoming,1776087043,0.0
,5460,20260418,2,StopPoint:OCETGV INOUI-87393702,Massy TGV,17:45:00,17:54:00,0,0,17:45:00,17:54:00,0,upcoming,1776087043,0.0
,5460,20260418,3,StopPoint:OCETGV INOUI-87111849,Marne-la-Vallée Chessy,18:22:00,18:26:00,0,0,18:22:00,18:26:00,0,upcoming,1776087043,0.0
,5460,20260418,4,StopPoint:OCETGV INOUI-87271494,Aéroport Charles de Gaulle 2 TGV,18:37:00,18:54:00,0,0,18:37:00,18:54:00,0,upcoming,1776087043,0.0
,5460,20260418,5,StopPoint:OCETGV INOUI-87171926,Champagne-Ardenne TGV,19:29:00,19:35:00,0,0,19:29:00,19:35:00,0,upcoming,1776087043,0.0
,5460,20260418,6,StopPoint:OCETGV INOUI-87147322,Meuse TGV,20:00:00,20:07:00,0,0,20:00:00,20:07:00,0,upcoming,1776087043,0.0
,5460,20260418,7,StopPoint:OCETGV INOUI-87142109,Lorraine TGV,20:25:00,20:28:00,0,0,20:25:00,20:28:00,0,upcoming,1776087043,0.0
,5460,20260418,8,StopPoint:OCETGV INOUI-87212027,Strasbourg,21:04:00,21:04:00,0,0,21:04:00,21:04:00,0,upcoming,1776087043,0.0
,5470,20260729,0,StopPoint:OCETGV INOUI-87212027,Strasbourg,10:01:00,10:01:00,0,0,,,0,finished,1776087043,0.0
,5470,20260729,1,StopPoint:OCETGV INOUI-87142109,Lorraine TGV,10:36:00,10:39:00,0,0,,,0,finished,1776087043,0.0
,5470,20260729,2,StopPoint:OCETGV INOUI-87147322,Meuse TGV,10:57:00,11:00:00,0,0,,,0,finished,1776087043,0.0
,5470,20260729,3,StopPoint:OCETGV INOUI-87171926,Champagne-Ardenne TGV,11:24:00,11:29:00,0,0,,,0,finished,1776087043,0.0
,5470,20260729,4,StopPoint:OCETGV INOUI-87271494,Aéroport Charles de Gaulle 2 TGV,12:00:00,12:16:00,0,0,,,0,finished,1776087043,0.0
,5470,20260729,5,StopPoint:OCETGV INOUI-87111849,Marne-la-Vallée Chessy,12:28:00,12:32:00,0,0,,,0,finished,1776087043,0.0
,5470,20260729,6,StopPoint:OCETGV INOUI-87393702,Massy TGV,13:04:00,13:12:00,0,0,,,0,finished,1776087043,0.0
,5470,20260729,7,StopPoint:OCETGV INOUI-87396002,Le Mans,13:59:00,14:02:00,0,0,,,0,finished,1776087043,0.0
,5470,20260729,8,StopPoint:OCETGV INOUI-87471003,Rennes,14:47:00,14:47:00,0,0,,,0,finished,1776087043,0.0
,5480,20260727,0,StopPoint:OCETGV INOUI-87481002,Nantes,14:08:00,14:08:00,0,0,14:08:00,14:08:00,0,active,1776087043,0.0
,5480,20260727,1,StopPoint:OCETGV INOUI-87484006,Angers Saint-Laud,14:45:00,14:48:00,0,0,14:45:00,14:48:00,0,active,1776087043,0.0
,5480,20260727,2,StopPoint:OCETGV INOUI-87396002,Le Mans,15:27:00,15:30:00,0,0,15:27:00,15:30:00,0,active,1776087043,0.0
,5480,20260727,3,StopPoint:OCETGV INOUI-87393702,Massy TGV,16:18:00,16:26:00,0,0,16:18:00,16:26:00,0,active,1776087043,0.0
,5480,20260727,4,StopPoint:OCETGV INOUI-87111849,Marne-la-Vallée Chessy,16:56:00,17:01:00,0,0,16:56:00,17:01:00,0,active,1776087043,0.0
,5480,20260727,5,StopPoint:OCETGV INOUI-87271494,Aéroport Charles de Gaulle 2 TGV,17:11:00,17:29:00,0,0,17:11:00,17:29:00,0,active,1776087043,0.0
,5480,20260727,6,StopPoint:OCETGV INOUI-87171926,Champagne-Ardenne TGV,18:00:00,18:09:00,0,0,18:00:00,18:09:00,0,active,1776087043,0.0
,5480,20260727,7,StopPoint:OCETGV INOUI-87142109,Lorraine TGV,18:48:00,18:54:00,0,0,18:48:00,18:54:00,0,active,1776087043,0.0
,5480,20260727,8,StopPoint:OCETGV INOUI-87212027,Strasbourg,19:33:00,19:33:00,0,0,19:33:00,19:33:00,0,active,1776087043,0.0
,5482,20260703,0,StopPoint:OCETGV INOUI-87481002,Nantes,08:08:00,08:08:00,0,0,,,0,finished,1776087043,0.0
,5482,20260703,1,StopPoint:OCETGV INOUI-87484006,Angers Saint-Laud,08:45:00,08:48:00,0,0,,,0,finished,1776087043,0.0
,5482,20260703,2,StopPoint:OCETGV INOUI-87396002,Le Mans,09:27:00,09:30:00,0,0,,,0,finished,1776087043,0.0
,5482,20260703,3,StopPoint:OCETGV INOUI-87393702,Massy TGV,10:18:00,10:24:00,0,0,,,0,finished,1776087043,0.0
,5482,20260703,4,StopPoint:OCETGV INOUI-87111849,Marne-la-Vallée Chessy,10:54:00,10:58:00,0,0,,,0,finished,1776087043,0.0
,5482,20260703,5,StopPoint:OCETGV INOUI-87271494,Aéroport Charles de Gaulle 2 TGV,11:09:00,11:22:00,0,0,,,0,finished,1776087043,0.0
,5482,20260703,6,StopPoint:OCETGV INOUI-87171926,Champagne-Ardenne TGV,11:52:00,11:55:00,0,0,,,0,finished,1776087043,0.0
,5482,20260703,7,StopPoint:OCETGV INOUI-87142109,Lorraine TGV,12:32:00,12:35:00,0,0,,,0,finished,1776087043,0.0
,5482,20260703,8,StopPoint:OCETGV INOUI-87212027,Strasbourg,13:12:00,13:12:00,0,0,,,0,finished,1776087043,0.0
,5486,20260417,0,StopPoint:OCETGV INOUI-87212027,Strasbourg,07:31:00,07:31:00,0,0,,,0,finished,1776087043,0.0
,5486,20260417,1,StopPoint:OCETGV INOUI-87142109,Lorraine TGV,08:07:00,08:10:00,0,0,,,0,finished,1776087043,0.0
,5486,20260417,2,StopPoint:OCETGV INOUI-87171926,Champagne-Ardenne TGV,08:48:00,08:58:00,0,0,,,0,finished,1776087043,0.0
,5486,20260417,3,StopPoint:OCETGV INOUI-87271494,Aéroport Charles de Gaulle 2 TGV,09:29:00,09:43:00,0,0,,,0,finished,1776087043,0.0
,5486,20260417,4,StopPoint:OCETGV INOUI-87111849,Marne-la-Vallée Chessy,09:54:00,10:03:00,0,0,,,0,finished,1776087043,0.0
,5486,20260417,5,StopPoint:OCETGV INOUI-87393702,Massy TGV,10:34:00,10:37:00,0,0,,,0,finished,1776087043,0.0
,5486,20260417,6,StopPoint:OCETGV INOUI-87571240,Saint-Pierre-des-Corps,11:33:00,11:36:00,0,0,,,0,finished,1776087043,0.0
,5486,20260417,7,StopPoint:OCETGV INOUI-87484006,Angers Saint-Laud,12:36:00,12:40:00,0,0,,,0,finished,1776087043,0.0
,5486,20260417,8,StopPoint:OCETGV INOUI-87481002,Nantes,13:20:00,13:20:00,0,0,,,0,finished,1776087043,0.0
,5488,20260413,0,StopPoint:OCETGV INOUI-87212027,Strasbourg,17:01:00,17:01:00,0,0,17:01:00,17:01:00,0,upcoming,1776087043,0.0
,5488,20260413,1,StopPoint:OCETGV INOUI-87142109,Lorraine TGV,17:39:00,17:42:00,0,0,17:39:00,17:42:00,0,upcoming,1776087043,0.0
,5488,20260413,2,StopPoint:OCETGV INOUI-87147322,Meuse TGV,18:01:00,18:09:00,0,0,18:01:00,18:09:00,0,upcoming,1776087043,0.0
,5488,20260413,3,StopPoint:OCETGV INOUI-87171926,Champagne-Ardenne TGV,18:32:00,18:35:00,0,0,18:32:00,18:35:00,0,upcoming,1776087043,0.0
,5488,20260413,4,StopPoint:OCETGV INOUI-87271494,Aéroport Charles de Gaulle 2 TGV,19:07:00,19:21:00,0,0,19:07:00,19:21:00,0,upcoming,1776087043,0.0
,5488,20260413,5,StopPoint:OCETGV INOUI-87111849,Marne-la-Vallée Chessy,19:32:00,19:36:00,0,0,19:32:00,19:36:00,0,upcoming,1776087043,0.0
,5488,20260413,6,StopPoint:OCETGV INOUI-87393702,Massy TGV,20:04:00,20:12:00,0,0,20:04:00,20:12:00,0,upcoming,1776087043,0.0
,5488,20260413,7,StopPoint:OCETGV INOUI-87396002,Le Mans,21:00:00,21:03:00,0,0,21:00:00,21:03:00,0,upcoming,1776087043,0.0
,5488,20260413,8,StopPoint:OCETGV INOUI-87484006,Angers Saint-Laud,21:40:00,21:43:00,0,0,21:40:00,21:43:00,0,upcoming,1776087043,0.0
,5488,20260413,9,StopPoint:OCETGV INOUI-87481002,Nantes,22:23:00,22:23:00,0,0,22:23:00,22:23:00,0,upcoming,1776087043,0.0
,5500,,0,StopPoint:OCETGV INOUI-87773002,Montpellier Saint-Roch,13:57:00,13:57:00,0,0,13:57:00,13:57:00,0,active,1776087043,0.0
,5500,,1,StopPoint:OCETGV INOUI-87775007,Nîmes Centre,14:23:00,14:27:00,0,0,14:23:00,14:27:00,0,active,1776087043,0.0
,5500,,2,StopPoint:OCETGV INOUI-87763029,Valence TGV Rhône-Alpes Sud,15:09:00,15:14:00,0,0,15:09:00,15:14:00,0,active,1776087043,0.0
,5500,,3,StopPoint:OCETGV INOUI-87723197,Lyon Part Dieu,15:50:00,16:01:00,0,0,15:50:00,16:01:00,0,active,1776087043,0.0
,5500,,4,StopPoint:OCETGV INOUI-87725689,Mâcon,16:38:00,16:41:00,0,0,16:38:00,16:41:00,0,active,1776087043,0.0
,5500,,5,StopPoint:OCETGV INOUI-87713040,Dijon,17:40:00,17:50:00,0,0,17:40:00,17:50:00,0,active,1776087043,0.0
,5500,,6,StopPoint:OCETGV INOUI-87300863,Besançon Franche-Comté TGV,18:17:00,18:22:00,0,0,18:17:00,18:22:00,0,active,1776087043,0.0
,5500,,7,StopPoint:OCETGV INOUI-87300822,Belfort - Montbéliard TGV,18:44:00,18:47:00,0,0,18:44:00,18:47:00,0,active,1776087043,0.0
,5500,,8,StopPoint:OCETGV INOUI-87182063,Mulhouse,19:09:00,19:12:00,0,0,19:09:00,19:12:00,0,active,1776087043,0.0
,5500,,9,StopPoint:OCETGV INOUI-87182014,Colmar,19:41:00,19:44:00,0,0,19:41:00,19:44:00,0,active,1776087043,0.0
,5500,,10,StopPoint:OCETGV INOUI-87212027,Strasbourg,20:13:00,20:21:00,0,0,20:13:00,20:21:00,0,active,1776087043,0.0
,5500,,11,StopPoint:OCETGV INOUI-87192039,Metz,21:09:00,21:09:00,0,0,21:09:00,21:09:00,0,active,1776087043,0.0
,5516,20260731,0,StopPoint:OCETGV INOUI-87756056,Nice-Ville,06:57:00,06:57:00,0,0,06:57:00,06:57:00,0,active,1776087043,0.0
,5516,20260731,1,StopPoint:OCETGV INOUI-87757674,Antibes,07:15:00,07:18:00,0,0,07:15:00,07:18:00,0,active,1776087043,0.0
,5516,20260731,2,StopPoint:OCETGV INOUI-87757625,Cannes,07:26:00,07:30:00,0,0,07:26:00,07:30:00,0,active,1776087043,0.0
,5516,20260731,3,StopPoint:OCETGV INOUI-87757526,Saint-Raphaël Valescure,07:51:00,07:54:00,0,0,07:51:00,07:54:00,0,active,1776087043,0.0
,5516,20260731,4,StopPoint:OCETGV INOUI-87755447,Les Arcs - Draguignan,08:08:00,08:11:00,0,0,08:08:00,08:11:00,0,active,1776087043,0.0
,5516,20260731,5,StopPoint:OCETGV INOUI-87755009,Toulon,08:47:00,08:50:00,0,0,08:47:00,08:50:00,0,active,1776087043,0.0
,5516,20260731,6,StopPoint:OCETGV INOUI-87751008,Marseille Saint-Charles,09:31:00,09:45:00,0,0,09:31:00,09:45:00,0,active,1776087043,0.0
,5516,20260731,7,StopPoint:OCETGV INOUI-87319012,Aix-en-Provence TGV,09:56:00,09:59:00,0,0,09:56:00,09:59:00,0,active,1776087043,0.0
,5516,20260731,8,StopPoint:OCETGV INOUI-87318964,Avignon TGV,10:19:00,10:22:00,0,0,10:19:00,10:22:00,0,active,1776087043,0.0
,5516,20260731,9,StopPoint:OCETGV INOUI-87723197,Lyon Part Dieu,11:28:00,11:38:00,0,0,11:28:00,11:38:00,0,active,1776087043,0.0
,5516,20260731,10,StopPoint:OCETGV INOUI-87725689,Mâcon,12:14:00,12:17:00,0,0,12:14:00,12:17:00,0,active,1776087043,0.0
,5516,20260731,11,StopPoint:OCETGV INOUI-87713545,Beaune,13:03:00,13:06:00,0,0,13:03:00,13:06:00,0,active,1776087043,0.0
,5516,20260731,12,StopPoint:OCETGV INOUI-87713040,Dijon,13:26:00,13:38:00,0,0,13:26:00,13:38:00,0,active,1776087043,0.0
,5516,20260731,13,StopPoint:OCETGV INOUI-87300863,Besançon Franche-Comté TGV,14:05:00,14:08:00,0,0,14:05:00,14:08:00,0,active,1776087043,0.0
,5516,20260731,14,StopPoint:OCETGV INOUI-87300822,Belfort - Montbéliard TGV,14:29:00,14:31:00,0,0,14:29:00,14:31:00,0,active,1776087043,0.0
,5516,20260731,15,StopPoint:OCETGV INOUI-87182063,Mulhouse,14:53:00,14:57:00,0,0,14:53:00,14:57:00,0,active,1776087043,0.0
,5516,20260731,16,StopPoint:OCETGV INOUI-87182014,Colmar,15:24:00,15:27:00,0,0,15:24:00,15:27:00,0,active,1776087043,0.0
,5516,20260731,17,StopPoint:OCETGV INOUI-87212027,Strasbourg,15:54:00,16:00:00,0,0,15:54:00,16:00:00,0,active,1776087043,0.0
,5516,20260731,18,StopPoint:OCETGV INOUI-87141002,Nancy,17:02:00,17:02:00,0,0,17:02:00,17:02:00,0,active,1776087043,0.0
,5521,20260731,0,StopPoint:OCETGV INOUI-87192039,Metz,05:46:00,05:46:00,0,0,,,0,finished,1776087043,0.0
,5521,20260731,1,StopPoint:OCETGV INOUI-87212027,Strasbourg,06:40:00,06:47:00,0,0,,,0,finished,1776087043,0.0
,5521,20260731,2,StopPoint:OCETGV INOUI-87182014,Colmar,07:13:00,07:16:00,0,0,,,0,finished,1776087043,0.0
,5521,20260731,3,StopPoint:OCETGV INOUI-87182063,Mulhouse,07:48:00,07:52:00,0,0,,,0,finished,1776087043,0.0
,5521,20260731,4,StopPoint:OCETGV INOUI-87300822,Belfort - Montbéliard TGV,08:15:00,08:18:00,0,0,,,0,finished,1776087043,0.0
,5521,20260731,5,StopPoint:OCETGV INOUI-87300863,Besançon Franche-Comté TGV,08:39:00,08:42:00,0,0,,,0,finished,1776087043,0.0
,5521,20260731,6,StopPoint:OCETGV INOUI-87713040,Dijon,09:09:00,09:21:00,0,0,,,0,finished,1776087043,0.0
,5521,20260731,7,StopPoint:OCETGV INOUI-87725002,Chalon-sur-Saône,09:54:00,09:57:00,0,0,,,0,finished,1776087043,0.0
,5521,20260731,8,StopPoint:OCETGV INOUI-87723197,Lyon Part Dieu,10:59:00,11:05:00,0,0,,,0,finished,1776087043,0.0
,5521,20260731,9,StopPoint:OCETGV INOUI-87775007,Nîmes Centre,12:22:00,12:25:00,0,0,,,0,finished,1776087043,0.0
,5521,20260731,10,StopPoint:OCETGV INOUI-87773002,Montpellier Saint-Roch,12:52:00,12:52:00,0,0,,,0,finished,1776087043,0.0
,5537,20260731,0,StopPoint:OCETGV INOUI-87141002,Nancy,12:26:00,12:26:00,0,0,12:26:00,12:26:00,0,active,1776087043,0.0
,5537,20260731,1,StopPoint:OCETGV INOUI-87212027,Strasbourg,13:29:00,13:37:00,0,0,13:29:00,13:37:00,0,active,1776087043,0.0
,5537,20260731,2,StopPoint:OCETGV INOUI-87182014,Colmar,14:03:00,14:06:00,0,0,14:03:00,14:06:00,0,active,1776087043,0.0
,5537,20260731,3,StopPoint:OCETGV INOUI-87182063,Mulhouse,14:37:00,14:41:00,0,0,14:37:00,14:41:00,0,active,1776087043,0.0
,5537,20260731,4,StopPoint:OCETGV INOUI-87300822,Belfort - Montbéliard TGV,15:03:00,15:07:00,0,0,15:03:00,15:07:00,0,active,1776087043,0.0
,5537,20260731,5,StopPoint:OCETGV INOUI-87300863,Besançon Franche-Comté TGV,15:30:00,15:36:00,0,0,15:30:00,15:36:00,0,active,1776087043,0.0
,5537,20260731,6,StopPoint:OCETGV INOUI-87713040,Dijon,16:04:00,16:17:00,0,0,16:04:00,16:17:00,0,active,1776087043,0.0
,5537,20260731,7,StopPoint:OCETGV INOUI-87713545,Beaune,16:37:00,16:40:00,0,0,16:37:00,16:40:00,0,active,1776087043,0.0
,5537,20260731,8,StopPoint:OCETGV INOUI-87723197,Lyon Part Dieu,17:59:00,18:06:00,0,0,17:59:00,18:06:00,0,active,1776087043,0.0
,5537,20260731,9,StopPoint:OCETGV INOUI-87318964,Avignon TGV,19:08:00,19:11:00,0,0,19:08:00,19:11:00,0,active,1776087043,0.0
,5537,20260731,10,StopPoint:OCETGV INOUI-87319012,Aix-en-Provence TGV,19:30:00,19:33:00,0,0,19:30:00,19:33:00,0,active,1776087043,0.0
,5537,20260731,11,StopPoint:OCETGV INOUI-87751008,Marseille Saint-Charles,19:45:00,20:01:00,0,0,19:45:00,20:01:00,0,active,1776087043,0.0
,5537,20260731,12,StopPoint:OCETGV INOUI-87755009,Toulon,20:44:00,20:48:00,0,0,20:44:00,20:48:00,0,active,1776087043,0.0
,5537,20260731,13,StopPoint:OCETGV INOUI-87755447,Les Arcs - Draguignan,21:26:00,21:29:00,0,0,21:26:00,21:29:00,0,active,1776087043,0.0
,5537,20260731,14,StopPoint:OCETGV INOUI-87757526,Saint-Raphaël Valescure,21:43:00,21:46:00,0,0,21:43:00,21:46:00,0,active,1776087043,0.0
,5537,20260731,15,StopPoint:OCETGV INOUI-87757625,Cannes,22:10:00,22:14:00,0,0,22:10:00,22:14:00,0,active,1776087043,0.0
,5537,20260731,16,StopPoint:OCETGV INOUI-87757674,Antibes,22:22:00,22:25:00,0,0,22:22:00,22:25:00,0,active,1776087043,0.0
,5537,20260731,17,StopPoint:OCETGV INOUI-87756056,Nice-Ville,22:43:00,22:43:00,0,0,22:43:00,22:43:00,0,active,1776087043,0.0
,6700,20260727,0,StopPoint:OCETGV INOUI-87182063,Mulhouse,05:46:00,05:46:00,0,0,,,0,finished,1776087043,0.0
,6700,20260727,1,StopPoint:OCETGV INOUI-87300822,Belfort - Montbéliard TGV,06:08:00,06:11:00,0,0,,,0,finished,1776087043,0.0
,6700,20260727,2,StopPoint:OCETGV INOUI-87300863,Besançon Franche-Comté TGV,06:31:00,06:34:00,0,0,,,0,finished,1776087043,0.0
,6700,20260727,3,StopPoint:OCETGV INOUI-87713040,Dijon,07:02:00,07:06:00,0,0,,,0,finished,1776087043,0.0
,6700,20260727,4,StopPoint:OCETGV INOUI-87686006,Paris Gare de Lyon Hall 1 - 2,08:42:00,08:42:00,0,0,,,0,finished,1776087043,0.0
,6702,20260731,0,StopPoint:OCETGV INOUI-87182063,Mulhouse,07:46:00,07:46:00,0,0,,,0,finished,1776087043,0.0
,6702,20260731,1,StopPoint:OCETGV INOUI-87300822,Belfort - Montbéliard TGV,08:08:00,08:11:00,0,0,,,0,finished,1776087043,0.0
,6702,20260731,2,StopPoint:OCETGV INOUI-87300863,Besançon Franche-Comté TGV,08:31:00,08:34:00,0,0,,,0,finished,1776087043,0.0
,6702,20260731,3,StopPoint:OCETGV INOUI-87713040,Dijon,09:02:00,09:06:00,0,0,,,0,finished,1776087043,0.0
,6702,20260731,4,StopPoint:OCETGV INOUI-87686006,Paris Gare de Lyon Hall 1 - 2,10:42:00,10:42:00,0,0,,,0,finished,1776087043,0.0
,6703,20260626,0,StopPoint:OCETGV INOUI-87686006,Paris Gare de Lyon Hall 1 - 2,09:22:00,09:22:00,0,0,,,0,finished,1776087043,0.0
,6703,20260626,1,StopPoint:OCETGV INOUI-87713040,Dijon,11:01:00,11:05:00,0,0,,,0,finished,1776087043,0.0
,6703,20260626,2,StopPoint:OCETGV INOUI-87300863,Besançon Franche-Comté TGV,11:32:00,11:35:00,0,0,,,0,finished,1776087043,0.0
,6703,20260626,3,StopPoint:OCETGV INOUI-87300822,Belfort - Montbéliard TGV,11:56:00,11:59:00,0,0,,,0,finished,1776087043,0.0
,6703,20260626,4,StopPoint:OCETGV INOUI-87182063,Mulhouse,12:21:00,12:21:00,0,0,,,0,finished,1776087043,0.0
,6704,20260424,0,StopPoint:OCETGV INOUI-87182063,Mulhouse,11:56:00,11:56:00,0,0,,,0,finished,1776087043,0.0
,6704,20260424,1,StopPoint:OCETGV INOUI-87300822,Belfort - Montbéliard TGV,12:18:00,12:21:00,0,0,,,0,finished,1776087043,0.0
,6704,20260424,2,StopPoint:OCETGV INOUI-87300863,Besançon Franche-Comté TGV,12:42:00,12:45:00,0,0,,,0,finished,1776087043,0.0
,6704,20260424,3,StopPoint:OCETGV INOUI-87713040,Dijon,13:12:00,13:16:00,0,0,,,0,finished,1776087043,0.0
,6704,20260424,4,StopPoint:OCETGV INOUI-87713131,Montbard,14:03:00,14:06:00,0,0,,,0,finished,1776087043,0.0
,6704,20260424,5,StopPoint:OCETGV INOUI-87686006,Paris Gare de Lyon Hall 1 - 2,15:14:00,15:14:00,0,0,,,0,finished,1776087043,0.0
,6705,20260626,0,StopPoint:OCETGV INOUI-87686006,Paris Gare de Lyon Hall 1 - 2,11:18:00,11:18:00,0,0,,,0,finished,1776087043,0.0
,6705,20260626,1,StopPoint:OCETGV INOUI-87713040,Dijon,12:56:00,13:00:00,0,0,,,0,finished,1776087043,0.0
,6705,20260626,2,StopPoint:OCETGV INOUI-87300863,Besançon Franche-Comté TGV,13:26:00,13:29:00,0,0,,,0,finished,1776087043,0.0
,6705,20260626,3,StopPoint:OCETGV INOUI-87300822,Belfort - Montbéliard TGV,13:50:00,13:53:00,0,0,,,0,finished,1776087043,0.0
,6705,20260626,4,StopPoint:OCETGV INOUI-87182063,Mulhouse,14:15:00,14:15:00,0,0,,,0,finished,1776087043,0.0
,6706,20260730,0,StopPoint:OCETGV INOUI-87182063,Mulhouse,15:40:00,15:40:00,0,0,15:40:00,15:40:00,0,upcoming,1776087043,0.0
,6706,20260730,1,StopPoint:OCETGV INOUI-87300822,Belfort - Montbéliard TGV,16:02:00,16:05:00,0,0,16:02:00,16:05:00,0,upcoming,1776087043,0.0
,6706,20260730,2,StopPoint:OCETGV INOUI-87300863,Besançon Franche-Comté TGV,16:25:00,16:28:00,0,0,16:25:00,16:28:00,0,upcoming,1776087043,0.0
,6706,20260730,3,StopPoint:OCETGV INOUI-87713040,Dijon,16:55:00,16:59:00,0,0,16:55:00,16:59:00,0,upcoming,1776087043,0.0
,6706,20260730,4,StopPoint:OCETGV INOUI-87713131,Montbard,17:34:00,17:37:00,0,0,17:34:00,17:37:00,0,upcoming,1776087043,0.0
,6706,20260730,5,StopPoint:OCETGV INOUI-87686006,Paris Gare de Lyon Hall 1 - 2,18:42:00,18:42:00,0,0,18:42:00,18:42:00,0,upcoming,1776087043,0.0
,6708,20260731,0,StopPoint:OCETGV INOUI-87182063,Mulhouse,17:46:00,17:46:00,0,0,17:46:00,17:46:00,0,upcoming,1776087043,0.0
,6708,20260731,1,StopPoint:OCETGV INOUI-87300822,Belfort - Montbéliard TGV,18:08:00,18:11:00,0,0,18:08:00,18:11:00,0,upcoming,1776087043,0.0
,6708,20260731,2,StopPoint:OCETGV INOUI-87300863,Besançon Franche-Comté TGV,18:31:00,18:34:00,0,0,18:31:00,18:34:00,0,upcoming,1776087043,0.0
,6708,20260731,3,StopPoint:OCETGV INOUI-87713040,Dijon,19:02:00,19:06:00,0,0,19:02:00,19:06:00,0,upcoming,1776087043,0.0
,6708,20260731,4,StopPoint:OCETGV INOUI-87686006,Paris Gare de Lyon Hall 1 - 2,20:42:00,20:42:00,0,0,20:42:00,20:42:00,0,upcoming,1776087043,0.0
,6709,20260731,0,StopPoint:OCETGV INOUI-87686006,Paris Gare de Lyon Hall 1 - 2,17:18:00,17:18:00,0,0,17:18:00,17:18:00,0,upcoming,1776087043,0.0
,6709,20260731,1,StopPoint:OCETGV INOUI-87713040,Dijon,18:52:00,18:56:00,0,0,18:52:00,18:56:00,0,upcoming,1776087043,0.0
,6709,20260731,2,StopPoint:OCETGV INOUI-87300863,Besançon Franche-Comté TGV,19:23:00,19:26:00,0,0,19:23:00,19:26:00,0,upcoming,1776087043,0.0
,6709,20260731,3,StopPoint:OCETGV INOUI-87300822,Belfort - Montbéliard TGV,19:47:00,19:50:00,0,0,19:47:00,19:50:00,0,upcoming,1776087043,0.0
,6709,20260731,4,StopPoint:OCETGV INOUI-87182063,Mulhouse,20:12:00,20:12:00,0,0,20:12:00,20:12:00,0,upcoming,1776087043,0.0
,6711,20260731,0,StopPoint:OCETGV INOUI-87686006,Paris Gare de Lyon Hall 1 - 2,18:52:00,18:52:00,0,0,18:52:00,18:52:00,0,upcoming,1776087043,0.0
,6711,20260731,1,StopPoint:OCETGV INOUI-87713131,Montbard,19:54:00,19:57:00,0,0,19:54:00,19:57:00,0,upcoming,1776087043,0.0
,6711,20260731,2,StopPoint:OCETGV INOUI-87713040,Dijon,20:31:00,20:35:00,0,0,20:31:00,20:35:00,0,upcoming,1776087043,0.0
,6711,20260731,3,StopPoint:OCETGV INOUI-87300863,Besançon Franche-Comté TGV,21:01:00,21:04:00,0,0,21:01:00,21:04:00,0,upcoming,1776087043,0.0
,6711,20260731,4,StopPoint:OCETGV INOUI-87300822,Belfort - Montbéliard TGV,21:25:00,21:28:00,0,0,21:25:00,21:28:00,0,upcoming,1776087043,0.0
,6711,20260731,5,StopPoint:OCETGV INOUI-87182063,Mulhouse,21:51:00,21:51:00,0,0,21:51:00,21:51:00,0,upcoming,1776087043,0.0
,7691,20260731,0,StopPoint:OCEOUIGO-87113001,Paris Est,10:08:00,10:08:00,0,0,,,0,finished,1776087043,0.0
,7691,20260731,1,StopPoint:OCEOUIGO-87212027,Strasbourg,11:54:00,11:54:00,0,0,,,0,finished,1776087043,0.0
,7692,20260731,0,StopPoint:OCEOUIGO-87212027,Strasbourg,12:50:00,12:50:00,0,0,,,0,finished,1776087043,0.0
,7692,20260731,1,StopPoint:OCEOUIGO-87192039,Metz,13:37:00,13:52:00,0,0,,,0,finished,1776087043,0.0
,7692,20260731,2,StopPoint:OCEOUIGO-87113001,Paris Est,15:17:00,15:17:00,0,0,,,0,finished,1776087043,0.0
,7693,20260731,0,StopPoint:OCEOUIGO-87113001,Paris Est,16:16:00,16:16:00,0,0,16:16:00,16:16:00,0,upcoming,1776087043,0.0
,7693,20260731,1,StopPoint:OCEOUIGO-87192039,Metz,17:41:00,18:08:00,0,0,17:41:00,18:08:00,0,upcoming,1776087043,0.0
,7693,20260731,2,StopPoint:OCEOUIGO-87212027,Strasbourg,19:00:00,19:00:00,0,0,19:00:00,19:00:00,0,upcoming,1776087043,0.0
,7694,20260731,0,StopPoint:OCEOUIGO-87212027,Strasbourg,19:58:00,19:58:00,0,0,19:58:00,19:58:00,0,upcoming,1776087043,0.0
,7694,20260731,1,StopPoint:OCEOUIGO-87192039,Metz,20:46:00,21:01:00,0,0,20:46:00,21:01:00,0,upcoming,1776087043,0.0
,7694,20260731,2,StopPoint:OCEOUIGO-87113001,Paris Est,22:24:00,22:24:00,0,0,22:24:00,22:24:00,0,upcoming,1776087043,0.0
,9530,20260710,0,StopPoint:OCETGV INOUI-80143503,Freiburg (Breisgau) Hbf,06:36:00,06:36:00,0,0,,,0,finished,1776087043,0.0
,9530,20260710,1,StopPoint:OCETGV INOUI-80143255,Ringsheim,06:56:00,06:57:00,0,0,,,0,finished,1776087043,0.0
,9530,20260710,2,StopPoint:OCETGV INOUI-80143099,Offenburg,07:14:00,07:15:00,0,0,,,0,finished,1776087043,0.0
,9530,20260710,3,StopPoint:OCETGV INOUI-87212027,Strasbourg,07:40:00,07:49:00,0,0,,,0,finished,1776087043,0.0
,9530,20260710,4,StopPoint:OCETGV INOUI-87113001,Paris Est,09:35:00,09:35:00,0,0,,,0,finished,1776087043,0.0
,9531,20260731,0,StopPoint:OCETGV INOUI-87113001,Paris Est,17:25:00,17:25:00,0,0,17:25:00,17:25:00,0,upcoming,1776087043,0.0
,9531,20260731,1,StopPoint:OCETGV INOUI-87212027,Strasbourg,19:11:00,19:18:00,0,0,19:11:00,19:18:00,0,upcoming,1776087043,0.0
,9531,20260731,2,StopPoint:OCETGV INOUI-80143099,Offenburg,19:39:00,19:40:00,0,0,19:39:00,19:40:00,0,upcoming,1776087043,0.0
,9531,20260731,3,StopPoint:OCETGV INOUI-80143198,Lahr (Schwarzw),19:51:00,19:52:00,0,0,19:51:00,19:52:00,0,upcoming,1776087043,0.0
,9531,20260731,4,StopPoint:OCETGV INOUI-80143255,Ringsheim,19:59:00,20:00:00,0,0,19:59:00,20:00:00,0,upcoming,1776087043,0.0
,9531,20260731,5,StopPoint:OCETGV INOUI-80143503,Freiburg (Breisgau) Hbf,20:26:00,20:26:00,0,0,20:26:00,20:26:00,0,upcoming,1776087043,0.0
,9550,20260731,0,StopPoint:OCEICE-80110684,Francfort sur le Main,18:53:00,18:53:00,0,0,18:53:00,18:53:00,0,upcoming,1776087043,0.0
,9550,20260731,1,StopPoint:OCEICE-80140087,Mannheim Hbf,19:38:00,19:40:00,0,0,19:38:00,19:40:00,0,upcoming,1776087043,0.0
,9550,20260731,2,StopPoint:OCEICE-80196980,Kaiserslautern Hbf,20:21:00,20:22:00,0,0,20:21:00,20:22:00,0,upcoming,1776087043,0.0
,9550,20260731,3,StopPoint:OCEICE-80253914,Sarrebruck,20:59:00,21:00:00,0,0,20:59:00,21:00:00,0,upcoming,1776087043,0.0
,9550,20260731,4,StopPoint:OCEICE-87193003,Forbach,21:09:00,21:12:00,0,0,21:09:00,21:12:00,0,upcoming,1776087043,0.0
,9550,20260731,5,StopPoint:OCEICE-87113001,Paris Est,22:52:00,22:52:00,0,0,22:52:00,22:52:00,0,upcoming,1776087043,0.0
,9551,20260731,0,StopPoint:OCEICE-87113001,Paris Est,09:06:00,09:06:00,0,0,,,0,finished,1776087043,0.0
,9551,20260731,1,StopPoint:OCEICE-87193003,Forbach,10:45:00,10:47:00,0,0,,,0,finished,1776087043,0.0
,9551,20260731,2,StopPoint:OCEICE-80253914,Sarrebruck,10:56:00,10:58:00,0,0,,,0,finished,1776087043,0.0
,9551,20260731,3,StopPoint:OCEICE-80196980,Kaiserslautern Hbf,11:35:00,11:37:00,0,0,,,0,finished,1776087043,0.0
,9551,20260731,4,StopPoint:OCEICE-80140087,Mannheim Hbf,12:16:00,12:19:00,0,0,,,0,finished,1776087043,0.0
,9551,20260731,5,StopPoint:OCEICE-80110684,Francfort sur le Main,13:00:00,13:00:00,0,0,,,0,finished,1776087043,0.0
,9552,20260731,0,StopPoint:OCEICE-80110684,Francfort sur le Main,12:53:00,12:53:00,0,0,12:53:00,12:53:00,0,active,1776087043,0.0
,9552,20260731,1,StopPoint:OCEICE-80140087,Mannheim Hbf,13:38:00,13:42:00,0,0,13:38:00,13:42:00,0,active,1776087043,0.0
,9552,20260731,2,StopPoint:OCEICE-80196980,Kaiserslautern Hbf,14:23:00,14:24:00,0,0,14:23:00,14:24:00,0,active,1776087043,0.0
,9552,20260731,3,StopPoint:OCEICE-80253914,Sarrebruck,14:59:00,15:00:00,0,0,14:59:00,15:00:00,0,active,1776087043,0.0
,9552,20260731,4,StopPoint:OCEICE-87113001,Paris Est,16:50:00,16:50:00,0,0,16:50:00,16:50:00,0,active,1776087043,0.0
,9553,20260731,0,StopPoint:OCEICE-87113001,Paris Est,13:10:00,13:10:00,0,0,13:10:00,13:10:00,0,active,1776087043,0.0
,9553,20260731,1,StopPoint:OCEICE-80253914,Sarrebruck,14:58:00,15:00:00,0,0,14:58:00,15:00:00,0,active,1776087043,0.0
,9553,20260731,2,StopPoint:OCEICE-80196980,Kaiserslautern Hbf,15:36:00,15:38:00,0,0,15:36:00,15:38:00,0,active,1776087043,0.0
,9553,20260731,3,StopPoint:OCEICE-80140087,Mannheim Hbf,16:16:00,16:19:00,0,0,16:16:00,16:19:00,0,active,1776087043,0.0
,9553,20260731,4,StopPoint:OCEICE-80110684,Francfort sur le Main,17:03:00,17:03:00,0,0,17:03:00,17:03:00,0,active,1776087043,0.0
,9555,20260731,0,StopPoint:OCEICE-87113001,Paris Est,17:10:00,17:10:00,0,0,17:10:00,17:10:00,0,upcoming,1776087043,0.0
,9555,20260731,1,StopPoint:OCEICE-80253914,Sarrebruck,18:58:00,19:00:00,0,0,18:58:00,19:00:00,0,upcoming,1776087043,0.0
,9555,20260731,2,StopPoint:OCEICE-80196980,Kaiserslautern Hbf,19:36:00,19:38:00,0,0,19:36:00,19:38:00,0,upcoming,1776087043,0.0
,9555,20260731,3,StopPoint:OCEICE-80140087,Mannheim Hbf,20:16:00,20:19:00,0,0,20:16:00,20:19:00,0,upcoming,1776087043,0.0
,9555,20260731,4,StopPoint:OCEICE-80110684,Francfort sur le Main,21:03:00,21:03:00,0,0,21:03:00,21:03:00,0,upcoming,1776087043,0.0
,9556,20260731,0,StopPoint:OCEICE-80110684,Francfort sur le Main,08:53:00,08:53:00,0,0,,,0,finished,1776087043,0.0
,9556,20260731,1,StopPoint:OCEICE-80140087,Mannheim Hbf,09:38:00,09:40:00,0,0,,,0,finished,1776087043,0.0
,9556,20260731,2,StopPoint:OCEICE-80196980,Kaiserslautern Hbf,10:21:00,10:22:00,0,0,,,0,finished,1776087043,0.0
,9556,20260731,3,StopPoint:OCEICE-80253914,Sarrebruck,10:59:00,11:00:00,0,0,,,0,finished,1776087043,0.0
,9556,20260731,4,StopPoint:OCEICE-87113001,Paris Est,12:51:00,12:51:00,0,0,,,0,finished,1776087043,0.0
,9557,20260730,0,StopPoint:OCEICE-87113001,Paris Est,19:06:00,19:06:00,0,0,19:06:00,19:06:00,0,upcoming,1776087043,0.0
,9557,20260730,1,StopPoint:OCEICE-87193003,Forbach,20:47:00,20:49:00,0,0,20:47:00,20:49:00,0,upcoming,1776087043,0.0
,9557,20260730,2,StopPoint:OCEICE-80253914,Sarrebruck,20:57:00,20:59:00,0,0,20:57:00,20:59:00,0,upcoming,1776087043,0.0
,9557,20260730,3,StopPoint:OCEICE-80196980,Kaiserslautern Hbf,21:35:00,21:37:00,0,0,21:35:00,21:37:00,0,upcoming,1776087043,0.0
,9557,20260730,4,StopPoint:OCEICE-80140087,Mannheim Hbf,22:16:00,22:19:00,0,0,22:16:00,22:19:00,0,upcoming,1776087043,0.0
,9557,20260730,5,StopPoint:OCEICE-80110684,Francfort sur le Main,23:03:00,23:03:00,0,0,23:03:00,23:03:00,0,upcoming,1776087043,0.0
,9558,20260731,0,StopPoint:OCEICE-80110684,Francfort sur le Main,05:54:00,05:54:00,0,0,,,0,finished,1776087043,0.0
,9558,20260731,1,StopPoint:OCEICE-80140087,Mannheim Hbf,06:39:00,06:40:00,0,0,,,0,finished,1776087043,0.0
,9558,20260731,2,StopPoint:OCEICE-80196980,Kaiserslautern Hbf,07:21:00,07:22:00,0,0,,,0,finished,1776087043,0.0
,9558,20260731,3,StopPoint:OCEICE-80253914,Sarrebruck,07:59:00,08:00:00,0,0,,,0,finished,1776087043,0.0
,9558,20260731,4,StopPoint:OCEICE-87193003,Forbach,08:09:00,08:12:00,0,0,,,0,finished,1776087043,0.0
,9558,20260731,5,StopPoint:OCEICE-87113001,Paris Est,09:50:00,09:50:00,0,0,,,0,finished,1776087043,0.0
,9560,20260731,0,StopPoint:OCEICE-80110684,Francfort sur le Main,16:55:00,16:55:00,0,0,16:55:00,16:55:00,0,upcoming,1776087043,0.0
,9560,20260731,1,StopPoint:OCEICE-80140087,Mannheim Hbf,17:36:00,17:39:00,0,0,17:36:00,17:39:00,0,upcoming,1776087043,0.0
,9560,20260731,2,StopPoint:OCEICE-80142281,Karlsruhe Hbf,18:04:00,18:05:00,0,0,18:04:00,18:05:00,0,upcoming,1776087043,0.0
,9560,20260731,3,StopPoint:OCEICE-87212027,Strasbourg,18:48:00,18:57:00,0,0,18:48:00,18:57:00,0,upcoming,1776087043,0.0
,9560,20260731,4,StopPoint:OCEICE-87113001,Paris Est,20:42:00,20:42:00,0,0,20:42:00,20:42:00,0,upcoming,1776087043,0.0
,9561,20260731,0,StopPoint:OCEICE-87113001,Paris Est,07:16:00,07:16:00,0,0,,,0,finished,1776087043,0.0
,9561,20260731,1,StopPoint:OCEICE-87212027,Strasbourg,09:02:00,09:08:00,0,0,,,0,finished,1776087043,0.0
,9561,20260731,2,StopPoint:OCEICE-80142281,Karlsruhe Hbf,09:51:00,09:54:00,0,0,,,0,finished,1776087043,0.0
,9561,20260731,3,StopPoint:OCEICE-80140087,Mannheim Hbf,10:17:00,10:28:00,0,0,,,0,finished,1776087043,0.0
,9561,20260731,4,StopPoint:OCEICE-80110684,Francfort sur le Main,11:10:00,11:10:00,0,0,,,0,finished,1776087043,0.0
,9563,20260731,0,StopPoint:OCEICE-87113001,Paris Est,15:21:00,15:21:00,0,0,15:21:00,15:21:00,0,active,1776087043,0.0
,9563,20260731,1,StopPoint:OCEICE-87212027,Strasbourg,17:07:00,17:13:00,0,0,17:07:00,17:13:00,0,active,1776087043,0.0
,9563,20260731,2,StopPoint:OCEICE-80142281,Karlsruhe Hbf,17:52:00,17:54:00,0,0,17:52:00,17:54:00,0,active,1776087043,0.0
,9563,20260731,3,StopPoint:OCEICE-80140087,Mannheim Hbf,18:17:00,18:21:00,0,0,18:17:00,18:21:00,0,active,1776087043,0.0
,9563,20260731,4,StopPoint:OCEICE-80110684,Francfort sur le Main,19:13:00,19:13:00,0,0,19:13:00,19:13:00,0,active,1776087043,0.0
,9568,20260731,0,StopPoint:OCEICE-80110684,Francfort sur le Main,06:53:00,06:53:00,0,0,,,0,finished,1776087043,0.0
,9568,20260731,1,StopPoint:OCEICE-80140087,Mannheim Hbf,07:37:00,07:39:00,0,0,,,0,finished,1776087043,0.0
,9568,20260731,2,StopPoint:OCEICE-80142281,Karlsruhe Hbf,08:05:00,08:06:00,0,0,,,0,finished,1776087043,0.0
,9568,20260731,3,StopPoint:OCEICE-87212027,Strasbourg,08:47:00,08:52:00,0,0,,,0,finished,1776087043,0.0
,9568,20260731,4,StopPoint:OCEICE-87113001,Paris Est,10:36:00,10:36:00,0,0,,,0,finished,1776087043,0.0
,9570,20260718,0,StopPoint:OCEICE-80290346,Stuttgart Hbf,18:52:00,18:52:00,0,0,18:52:00,18:52:00,0,upcoming,1776087043,0.0
,9570,20260718,1,StopPoint:OCEICE-80142281,Karlsruhe Hbf,19:31:00,19:32:00,0,0,19:31:00,19:32:00,0,upcoming,1776087043,0.0
,9570,20260718,2,StopPoint:OCEICE-87212027,Strasbourg,20:18:00,20:25:00,0,0,20:18:00,20:25:00,0,upcoming,1776087043,0.0
,9570,20260718,3,StopPoint:OCEICE-87113001,Paris Est,22:13:00,22:13:00,0,0,22:13:00,22:13:00,0,upcoming,1776087043,0.0
,9571,20260719,0,StopPoint:OCEICE-87113001,Paris Est,06:41:00,06:41:00,0,0,,,0,finished,1776087043,0.0
,9571,20260719,1,StopPoint:OCEICE-87212027,Strasbourg,08:29:00,08:34:00,0,0,,,0,finished,1776087043,0.0
,9571,20260719,2,StopPoint:OCEICE-80142281,Karlsruhe Hbf,09:26:00,09:28:00,0,0,,,0,finished,1776087043,0.0
,9571,20260719,3,StopPoint:OCEICE-80290346,Stuttgart Hbf,10:04:00,10:04:00,0,0,,,0,finished,1776087043,0.0
,9572,20260719,0,StopPoint:OCEICE-80290346,Stuttgart Hbf,14:52:00,14:52:00,0,0,14:52:00,14:52:00,0,active,1776087043,0.0
,9572,20260719,1,StopPoint:OCEICE-80142281,Karlsruhe Hbf,15:31:00,15:32:00,0,0,15:31:00,15:32:00,0,active,1776087043,0.0
,9572,20260719,2,StopPoint:OCEICE-87212027,Strasbourg,16:18:00,16:31:00,0,0,16:18:00,16:31:00,0,active,1776087043,0.0
,9572,20260719,3,StopPoint:OCEICE-87113001,Paris Est,18:16:00,18:16:00,0,0,18:16:00,18:16:00,0,active,1776087043,0.0
,9573,20260719,0,StopPoint:OCEICE-87113001,Paris Est,10:53:00,10:53:00,0,0,,,0,finished,1776087043,0.0
,9573,20260719,1,StopPoint:OCEICE-87212027,Strasbourg,12:38:00,12:44:00,0,0,,,0,finished,1776087043,0.0
,9573,20260719,2,StopPoint:OCEICE-80142281,Karlsruhe Hbf,13:24:00,13:27:00,0,0,,,0,finished,1776087043,0.0
,9573,20260719,3,StopPoint:OCEICE-80290346,Stuttgart Hbf,14:14:00,14:14:00,0,0,,,0,finished,1776087043,0.0
,9574,20260717,0,StopPoint:OCEICE-80290346,Stuttgart Hbf,10:52:00,10:52:00,0,0,,,0,finished,1776087043,0.0
,9574,20260717,1,StopPoint:OCEICE-80142281,Karlsruhe Hbf,11:31:00,11:32:00,0,0,,,0,finished,1776087043,0.0
,9574,20260717,2,StopPoint:OCEICE-87212027,Strasbourg,12:15:00,12:22:00,0,0,,,0,finished,1776087043,0.0
,9574,20260717,3,StopPoint:OCEICE-87113001,Paris Est,14:07:00,14:07:00,0,0,,,0,finished,1776087043,0.0
,9575,20260719,0,StopPoint:OCEICE-87113001,Paris Est,13:52:00,13:52:00,0,0,13:52:00,13:52:00,0,active,1776087043,0.0
,9575,20260719,1,StopPoint:OCEICE-87212027,Strasbourg,15:38:00,15:44:00,0,0,15:38:00,15:44:00,0,active,1776087043,0.0
,9575,20260719,2,StopPoint:OCEICE-80142281,Karlsruhe Hbf,16:25:00,16:27:00,0,0,16:25:00,16:27:00,0,active,1776087043,0.0
,9575,20260719,3,StopPoint:OCEICE-80290346,Stuttgart Hbf,17:14:00,17:14:00,0,0,17:14:00,17:14:00,0,active,1776087043,0.0
,9576,20260710,0,StopPoint:OCEICE-80203471,Munich,06:51:00,06:51:00,0,0,,,0,finished,1776087043,0.0
,9576,20260710,1,StopPoint:OCEICE-80021402,Augsburg Hbf,07:18:00,07:20:00,0,0,,,0,finished,1776087043,0.0
,9576,20260710,2,StopPoint:OCEICE-80291039,Ulm Hbf,08:02:00,08:04:00,0,0,,,0,finished,1776087043,0.0
,9576,20260710,3,StopPoint:OCEICE-80290346,Stuttgart Hbf,09:01:00,09:10:00,0,0,,,0,finished,1776087043,0.0
,9576,20260710,4,StopPoint:OCEICE-80142281,Karlsruhe Hbf,09:51:00,09:53:00,0,0,,,0,finished,1776087043,0.0
,9576,20260710,5,StopPoint:OCEICE-87212027,Strasbourg,10:40:00,10:49:00,0,0,,,0,finished,1776087043,0.0
,9576,20260710,6,StopPoint:OCEICE-87113001,Paris Est,12:35:00,12:35:00,0,0,,,0,finished,1776087043,0.0
,9577,20260719,0,StopPoint:OCEICE-87113001,Paris Est,15:55:00,15:55:00,0,0,15:55:00,15:55:00,0,upcoming,1776087043,0.0
,9577,20260719,1,StopPoint:OCEICE-87212027,Strasbourg,17:41:00,17:46:00,0,0,17:41:00,17:46:00,0,upcoming,1776087043,0.0
,9577,20260719,2,StopPoint:OCEICE-80142281,Karlsruhe Hbf,18:25:00,18:27:00,0,0,18:25:00,18:27:00,0,upcoming,1776087043,0.0
,9577,20260719,3,StopPoint:OCEICE-80290346,Stuttgart Hbf,19:04:00,19:20:00,0,0,19:04:00,19:20:00,0,upcoming,1776087043,0.0
,9577,20260719,4,StopPoint:OCEICE-80291039,Ulm Hbf,20:21:00,20:23:00,0,0,20:21:00,20:23:00,0,upcoming,1776087043,0.0
,9577,20260719,5,StopPoint:OCEICE-80021402,Augsburg Hbf,21:04:00,21:07:00,0,0,21:04:00,21:07:00,0,upcoming,1776087043,0.0
,9577,20260719,6,StopPoint:OCEICE-80203471,Munich,21:46:00,21:46:00,0,0,21:46:00,21:46:00,0,upcoming,1776087043,0.0
,9578,20260717,0,StopPoint:OCEICE-80290346,Stuttgart Hbf,06:52:00,06:52:00,0,0,,,0,finished,1776087043,0.0
,9578,20260717,1,StopPoint:OCEICE-80142281,Karlsruhe Hbf,07:31:00,07:32:00,0,0,,,0,finished,1776087043,0.0
,9578,20260717,2,StopPoint:OCEICE-87212027,Strasbourg,08:16:00,08:22:00,0,0,,,0,finished,1776087043,0.0
,9578,20260717,3,StopPoint:OCEICE-87113001,Paris Est,10:05:00,10:05:00,0,0,,,0,finished,1776087043,0.0
,9579,20260719,0,StopPoint:OCEICE-87113001,Paris Est,17:53:00,17:53:00,0,0,17:53:00,17:53:00,0,upcoming,1776087043,0.0
,9579,20260719,1,StopPoint:OCEICE-87212027,Strasbourg,19:38:00,19:44:00,0,0,19:38:00,19:44:00,0,upcoming,1776087043,0.0
,9579,20260719,2,StopPoint:OCEICE-80142281,Karlsruhe Hbf,20:25:00,20:27:00,0,0,20:25:00,20:27:00,0,upcoming,1776087043,0.0
,9579,20260719,3,StopPoint:OCEICE-80290346,Stuttgart Hbf,21:14:00,21:14:00,0,0,21:14:00,21:14:00,0,upcoming,1776087043,0.0
,9580,20260731,0,StopPoint:OCEICE-80110684,Francfort sur le Main,14:02:00,14:02:00,0,0,14:02:00,14:02:00,0,active,1776087043,0.0
,9580,20260731,1,StopPoint:OCEICE-80140087,Mannheim Hbf,14:40:00,14:42:00,0,0,14:40:00,14:42:00,0,active,1776087043,0.0
,9580,20260731,2,StopPoint:OCEICE-80142281,Karlsruhe Hbf,15:08:00,15:12:00,0,0,15:08:00,15:12:00,0,active,1776087043,0.0
,9580,20260731,3,StopPoint:OCEICE-80142778,Baden-Baden,15:34:00,15:35:00,0,0,15:34:00,15:35:00,0,active,1776087043,0.0
,9580,20260731,4,StopPoint:OCEICE-87212027,Strasbourg,16:05:00,16:15:00,0,0,16:05:00,16:15:00,0,active,1776087043,0.0
,9580,20260731,5,StopPoint:OCEICE-87182063,Mulhouse,17:05:00,17:09:00,0,0,17:05:00,17:09:00,0,active,1776087043,0.0
,9580,20260731,6,StopPoint:OCEICE-87300822,Belfort - Montbéliard TGV,17:31:00,17:34:00,0,0,17:31:00,17:34:00,0,active,1776087043,0.0
,9580,20260731,7,StopPoint:OCEICE-87300863,Besançon Franche-Comté TGV,17:55:00,17:58:00,0,0,17:55:00,17:58:00,0,active,1776087043,0.0
,9580,20260731,8,StopPoint:OCEICE-87725002,Chalon-sur-Saône,18:54:00,18:57:00,0,0,18:54:00,18:57:00,0,active,1776087043,0.0
,9580,20260731,9,StopPoint:OCEICE-87723197,Lyon Part Dieu,19:58:00,20:06:00,0,0,19:58:00,20:06:00,0,active,1776087043,0.0
,9580,20260731,10,StopPoint:OCEICE-87318964,Avignon TGV,21:09:00,21:12:00,0,0,21:09:00,21:12:00,0,active,1776087043,0.0
,9580,20260731,11,StopPoint:OCEICE-87319012,Aix-en-Provence TGV,21:31:00,21:34:00,0,0,21:31:00,21:34:00,0,active,1776087043,0.0
,9580,20260731,12,StopPoint:OCEICE-87751008,Marseille Saint-Charles,21:46:00,21:46:00,0,0,21:46:00,21:46:00,0,active,1776087043,0.0
,9583,20260731,0,StopPoint:OCEICE-87751008,Marseille Saint-Charles,08:12:00,08:12:00,0,0,08:12:00,08:12:00,0,active,1776087043,0.0
,9583,20260731,1,StopPoint:OCEICE-87319012,Aix-en-Provence TGV,08:23:00,08:26:00,0,0,08:23:00,08:26:00,0,active,1776087043,0.0
,9583,20260731,2,StopPoint:OCEICE-87318964,Avignon TGV,08:46:00,08:49:00,0,0,08:46:00,08:49:00,0,active,1776087043,0.0
,9583,20260731,3,StopPoint:OCEICE-87723197,Lyon Part Dieu,09:54:00,10:01:00,0,0,09:54:00,10:01:00,0,active,1776087043,0.0
,9583,20260731,4,StopPoint:OCEICE-87725002,Chalon-sur-Saône,11:03:00,11:06:00,0,0,11:03:00,11:06:00,0,active,1776087043,0.0
,9583,20260731,5,StopPoint:OCEICE-87300863,Besançon Franche-Comté TGV,12:01:00,12:03:00,0,0,12:01:00,12:03:00,0,active,1776087043,0.0
,9583,20260731,6,StopPoint:OCEICE-87300822,Belfort - Montbéliard TGV,12:24:00,12:27:00,0,0,12:24:00,12:27:00,0,active,1776087043,0.0
,9583,20260731,7,StopPoint:OCEICE-87182063,Mulhouse,12:50:00,12:54:00,0,0,12:50:00,12:54:00,0,active,1776087043,0.0
,9583,20260731,8,StopPoint:OCEICE-87212027,Strasbourg,13:43:00,13:55:00,0,0,13:43:00,13:55:00,0,active,1776087043,0.0
,9583,20260731,9,StopPoint:OCEICE-80142778,Baden-Baden,14:30:00,14:32:00,0,0,14:30:00,14:32:00,0,active,1776087043,0.0
,9583,20260731,10,StopPoint:OCEICE-80142281,Karlsruhe Hbf,14:50:00,14:54:00,0,0,14:50:00,14:54:00,0,active,1776087043,0.0
,9583,20260731,11,StopPoint:OCEICE-80140087,Mannheim Hbf,15:18:00,15:21:00,0,0,15:18:00,15:21:00,0,active,1776087043,0.0
,9583,20260731,12,StopPoint:OCEICE-80110684,Francfort sur le Main,16:00:00,16:00:00,0,0,16:00:00,16:00:00,0,active,1776087043,0.0
,9590,20260413,0,StopPoint:OCEICE-80110684,Francfort sur le Main,11:01:00,11:01:00,0,0,,,0,finished,1776087043,0.0
,9590,20260413,1,StopPoint:OCEICE-80140087,Mannheim Hbf,11:38:00,11:40:00,0,0,,,0,finished,1776087043,0.0
,9590,20260413,2,StopPoint:OCEICE-80142281,Karlsruhe Hbf,12:06:00,12:08:00,0,0,,,0,finished,1776087043,0.0
,9590,20260413,3,StopPoint:OCEICE-87212027,Strasbourg,12:51:00,13:01:00,0,0,,,0,finished,1776087043,0.0
,9590,20260413,4,StopPoint:OCEICE-87113001,Paris Est,14:51:00,14:51:00,0,0,,,0,finished,1776087043,0.0
,9591,20260731,0,StopPoint:OCEICE-87113001,Paris Est,11:07:00,11:07:00,0,0,11:07:00,11:07:00,0,active,1776087043,0.0
,9591,20260731,1,StopPoint:OCEICE-87212027,Strasbourg,13:03:00,13:09:00,0,0,13:03:00,13:09:00,0,active,1776087043,0.0
,9591,20260731,2,StopPoint:OCEICE-80142281,Karlsruhe Hbf,13:51:00,13:54:00,0,0,13:51:00,13:54:00,0,active,1776087043,0.0
,9591,20260731,3,StopPoint:OCEICE-80140087,Mannheim Hbf,14:17:00,14:20:00,0,0,14:17:00,14:20:00,0,active,1776087043,0.0
,9591,20260731,4,StopPoint:OCEICE-80110684,Francfort sur le Main,14:56:00,15:02:00,0,0,14:56:00,15:02:00,0,active,1776087043,0.0
,9591,20260731,5,StopPoint:OCEICE-80160432,Erfurt Hbf,17:08:00,17:10:00,0,0,17:08:00,17:10:00,0,active,1776087043,0.0
,9591,20260731,6,StopPoint:OCEICE-80230029,Halle (Saale) Hbf,17:41:00,17:43:00,0,0,17:41:00,17:43:00,0,active,1776087043,0.0
,9591,20260731,7,StopPoint:OCEICE-80659714,Berlin Suedkreuz,18:56:00,18:58:00,0,0,18:56:00,18:58:00,0,active,1776087043,0.0
,9591,20260731,8,StopPoint:OCEICE-80659698,Berlin Hbf-Lehrter Bahnhof Nord,19:04:00,19:08:00,0,0,19:04:00,19:08:00,0,active,1776087043,0.0
,9591,20260731,9,StopPoint:OCEICE-80077990,Berlin-Gesundbrunnen,19:13:00,19:13:00,0,0,19:13:00,19:13:00,0,active,1776087043,0.0
,9870,20260605,0,StopPoint:OCETGV INOUI-88140010,Bruxelles Midi,07:15:00,07:15:00,0,0,,,0,finished,1776087043,0.0
,9870,20260605,1,StopPoint:OCETGV INOUI-87223263,Lille Europe,07:49:00,07:59:00,0,0,,,0,finished,1776087043,0.0
,9870,20260605,2,StopPoint:OCETGV INOUI-87271494,Aéroport Charles de Gaulle 2 TGV,08:54:00,09:01:00,0,0,,,0,finished,1776087043,0.0
,9870,20260605,3,StopPoint:OCETGV INOUI-87171926,Champagne-Ardenne TGV,09:32:00,09:35:00,0,0,,,0,finished,1776087043,0.0
,9870,20260605,4,StopPoint:OCETGV INOUI-87147322,Meuse TGV,10:00:00,10:07:00,0,0,,,0,finished,1776087043,0.0
,9870,20260605,5,StopPoint:OCETGV INOUI-87142109,Lorraine TGV,10:25:00,10:28:00,0,0,,,0,finished,1776087043,0.0
,9870,20260605,6,StopPoint:OCETGV INOUI-87212027,Strasbourg,11:05:00,11:05:00,0,0,,,0,finished,1776087043,0.0
,9874,20260503,0,StopPoint:OCETGV INOUI-88140010,Bruxelles Midi,13:05:00,13:05:00,0,300,13:05:00,13:10:00,300,active,1776087043,5.0
,9874,20260503,1,StopPoint:OCETGV INOUI-87223263,Lille Europe,13:39:00,13:52:00,300,300,13:44:00,13:57:00,300,active,1776087043,5.0
,9874,20260503,2,StopPoint:OCETGV INOUI-87271494,Aéroport Charles de Gaulle 2 TGV,14:49:00,14:56:00,300,300,14:54:00,15:01:00,300,active,1776087043,5.0
,9874,20260503,3,StopPoint:OCETGV INOUI-87111849,Marne-la-Vallée Chessy,15:07:00,15:26:00,0,0,15:07:00,15:26:00,0,active,1776087043,0.0
,9874,20260503,4,StopPoint:OCETGV INOUI-87171926,Champagne-Ardenne TGV,15:56:00,16:04:00,0,0,15:56:00,16:04:00,0,active,1776087043,0.0
,9874,20260503,5,StopPoint:OCETGV INOUI-87142109,Lorraine TGV,16:48:00,16:51:00,0,0,16:48:00,16:51:00,0,active,1776087043,0.0
,9874,20260503,6,StopPoint:OCETGV INOUI-87212027,Strasbourg,17:37:00,17:37:00,0,0,17:37:00,17:37:00,0,active,1776087043,0.0
,9877,20260715,0,StopPoint:OCETGV INOUI-82001000,Luxembourg,07:13:00,07:13:00,0,0,,,0,finished,1776087043,0.0
,9877,20260715,1,StopPoint:OCETGV INOUI-87191007,Thionville,07:38:00,07:41:00,0,0,,,0,finished,1776087043,0.0
,9877,20260715,2,StopPoint:OCETGV INOUI-87192039,Metz,08:01:00,08:09:00,0,0,,,0,finished,1776087043,0.0
,9877,20260715,3,StopPoint:OCETGV INOUI-87212027,Strasbourg,08:57:00,09:04:00,0,0,,,0,finished,1776087043,0.0
,9877,20260715,4,StopPoint:OCETGV INOUI-87182063,Mulhouse,09:53:00,09:56:00,0,0,,,0,finished,1776087043,0.0
,9877,20260715,5,StopPoint:OCETGV INOUI-87300822,Belfort - Montbéliard TGV,10:19:00,10:21:00,0,0,,,0,finished,1776087043,0.0
,9877,20260715,6,StopPoint:OCETGV INOUI-87300863,Besançon Franche-Comté TGV,10:41:00,10:44:00,0,0,,,0,finished,1776087043,0.0
,9877,20260715,7,StopPoint:OCETGV INOUI-87713040,Dijon,11:11:00,11:21:00,0,0,,,0,finished,1776087043,0.0
,9877,20260715,8,StopPoint:OCETGV INOUI-87725689,Mâcon,12:19:00,12:22:00,0,0,,,0,finished,1776087043,0.0
,9877,20260715,9,StopPoint:OCETGV INOUI-87723197,Lyon Part Dieu,12:59:00,13:10:00,0,0,,,0,finished,1776087043,0.0
,9877,20260715,10,StopPoint:OCETGV INOUI-87763029,Valence TGV Rhône-Alpes Sud,13:45:00,13:51:00,0,0,,,0,finished,1776087043,0.0
,9877,20260715,11,StopPoint:OCETGV INOUI-87318964,Avignon TGV,14:26:00,14:29:00,0,0,,,0,finished,1776087043,0.0
,9877,20260715,12,StopPoint:OCETGV INOUI-87319012,Aix-en-Provence TGV,14:49:00,14:52:00,0,0,,,0,finished,1776087043,0.0
,9877,20260715,13,StopPoint:OCETGV INOUI-87751008,Marseille Saint-Charles,15:04:00,15:04:00,0,0,,,0,finished,1776087043,0.0
,9879,20260503,0,StopPoint:OCETGV INOUI-82001000,Luxembourg,11:15:00,11:15:00,0,0,11:15:00,11:15:00,0,active,1776087043,0.0
,9879,20260503,1,StopPoint:OCETGV INOUI-87191007,Thionville,11:40:00,11:43:00,0,0,11:40:00,11:43:00,0,active,1776087043,0.0
,9879,20260503,2,StopPoint:OCETGV INOUI-87192039,Metz,12:05:00,12:10:00,0,0,12:05:00,12:10:00,0,active,1776087043,0.0
,9879,20260503,3,StopPoint:OCETGV INOUI-87212027,Strasbourg,12:58:00,13:05:00,0,0,12:58:00,13:05:00,0,active,1776087043,0.0
,9879,20260503,4,StopPoint:OCETGV INOUI-87182063,Mulhouse,13:54:00,13:57:00,0,0,13:54:00,13:57:00,0,active,1776087043,0.0
,9879,20260503,5,StopPoint:OCETGV INOUI-87300822,Belfort - Montbéliard TGV,14:18:00,14:21:00,0,0,14:18:00,14:21:00,0,active,1776087043,0.0
,9879,20260503,6,StopPoint:OCETGV INOUI-87300863,Besançon Franche-Comté TGV,14:41:00,14:44:00,0,0,14:41:00,14:44:00,0,active,1776087043,0.0
,9879,20260503,7,StopPoint:OCETGV INOUI-87713040,Dijon,15:11:00,15:21:00,0,0,15:11:00,15:21:00,0,active,1776087043,0.0
,9879,20260503,8,StopPoint:OCETGV INOUI-87725689,Mâcon,16:18:00,16:21:00,0,0,16:18:00,16:21:00,0,active,1776087043,0.0
,9879,20260503,9,StopPoint:OCETGV INOUI-87723197,Lyon Part Dieu,17:03:00,17:10:00,0,0,17:03:00,17:10:00,0,active,1776087043,0.0
,9879,20260503,10,StopPoint:OCETGV INOUI-87763029,Valence TGV Rhône-Alpes Sud,17:45:00,17:50:00,0,0,17:45:00,17:50:00,0,active,1776087043,0.0
,9879,20260503,11,StopPoint:OCETGV INOUI-87775007,Nîmes Centre,18:41:00,18:44:00,0,0,18:41:00,18:44:00,0,active,1776087043,0.0
,9879,20260503,12,StopPoint:OCETGV INOUI-87773002,Montpellier Saint-Roch,19:08:00,19:08:00,0,0,19:08:00,19:08:00,0,active,1776087043,0.0
,9890,20260605,0,StopPoint:OCETGV INOUI-87212027,Strasbourg,05:59:00,05:59:00,0,0,,,0,finished,1776087043,0.0
,9890,20260605,1,StopPoint:OCETGV INOUI-87142109,Lorraine TGV,06:33:00,06:36:00,0,0,,,0,finished,1776087043,0.0
,9890,20260605,2,StopPoint:OCETGV INOUI-87147322,Meuse TGV,06:54:00,06:57:00,0,0,,,0,finished,1776087043,0.0
,9890,20260605,3,StopPoint:OCETGV INOUI-87171926,Champagne-Ardenne TGV,07:20:00,07:23:00,0,0,,,0,finished,1776087043,0.0
,9890,20260605,4,StopPoint:OCETGV INOUI-87271494,Aéroport Charles de Gaulle 2 TGV,07:55:00,08:05:00,0,0,,,0,finished,1776087043,0.0
,9890,20260605,5,StopPoint:OCETGV INOUI-87223263,Lille Europe,09:00:00,09:10:00,0,0,,,0,finished,1776087043,0.0
,9890,20260605,6,StopPoint:OCETGV INOUI-88140010,Bruxelles Midi,09:43:00,09:43:00,0,0,,,0,finished,1776087043,0.0
,9894,20260605,0,StopPoint:OCETGV INOUI-87212027,Strasbourg,17:01:00,17:01:00,0,0,17:01:00,17:01:00,0,upcoming,1776087043,0.0
,9894,20260605,1,StopPoint:OCETGV INOUI-87142109,Lorraine TGV,17:39:00,17:42:00,0,0,17:39:00,17:42:00,0,upcoming,1776087043,0.0
,9894,20260605,2,StopPoint:OCETGV INOUI-87147322,Meuse TGV,18:01:00,18:09:00,0,0,18:01:00,18:09:00,0,upcoming,1776087043,0.0
,9894,20260605,3,StopPoint:OCETGV INOUI-87171926,Champagne-Ardenne TGV,18:32:00,18:35:00,0,0,18:32:00,18:35:00,0,upcoming,1776087043,0.0
,9894,20260605,4,StopPoint:OCETGV INOUI-87271494,Aéroport Charles de Gaulle 2 TGV,19:07:00,19:13:00,0,0,19:07:00,19:13:00,0,upcoming,1776087043,0.0
,9894,20260605,5,StopPoint:OCETGV INOUI-87313882,TGV Haute Picardie,19:42:00,19:47:00,0,0,19:42:00,19:47:00,0,upcoming,1776087043,0.0
,9894,20260605,6,StopPoint:OCETGV INOUI-87223263,Lille Europe,20:17:00,20:27:00,0,0,20:17:00,20:27:00,0,upcoming,1776087043,0.0
,9894,20260605,7,StopPoint:OCETGV INOUI-88140010,Bruxelles Midi,21:01:00,21:01:00,0,0,21:01:00,21:01:00,0,upcoming,1776087043,0.0
,9896,20260714,0,StopPoint:OCETGV INOUI-87751008,Marseille Saint-Charles,15:56:00,15:56:00,0,0,15:56:00,15:56:00,0,upcoming,1776087043,0.0
,9896,20260714,1,StopPoint:OCETGV INOUI-87319012,Aix-en-Provence TGV,16:07:00,16:10:00,0,0,16:07:00,16:10:00,0,upcoming,1776087043,0.0
,9896,20260714,2,StopPoint:OCETGV INOUI-87318964,Avignon TGV,16:30:00,16:33:00,0,0,16:30:00,16:33:00,0,upcoming,1776087043,0.0
,9896,20260714,3,StopPoint:OCETGV INOUI-87763029,Valence TGV Rhône-Alpes Sud,17:09:00,17:14:00,0,0,17:09:00,17:14:00,0,upcoming,1776087043,0.0
,9896,20260714,4,StopPoint:OCETGV INOUI-87723197,Lyon Part Dieu,17:51:00,18:00:00,0,0,17:51:00,18:00:00,0,upcoming,1776087043,0.0
,9896,20260714,5,StopPoint:OCETGV INOUI-87725002,Chalon-sur-Saône,19:03:00,19:06:00,0,0,19:03:00,19:06:00,0,upcoming,1776087043,0.0
,9896,20260714,6,StopPoint:OCETGV INOUI-87713040,Dijon,19:40:00,19:50:00,0,0,19:40:00,19:50:00,0,upcoming,1776087043,0.0
,9896,20260714,7,StopPoint:OCETGV INOUI-87300863,Besançon Franche-Comté TGV,20:17:00,20:20:00,0,0,20:17:00,20:20:00,0,upcoming,1776087043,0.0
,9896,20260714,8,StopPoint:OCETGV INOUI-87300822,Belfort - Montbéliard TGV,20:41:00,20:46:00,0,0,20:41:00,20:46:00,0,upcoming,1776087043,0.0
,9896,20260714,9,StopPoint:OCETGV INOUI-87182063,Mulhouse,21:08:00,21:12:00,0,0,21:08:00,21:12:00,0,upcoming,1776087043,0.0
,9896,20260714,10,StopPoint:OCETGV INOUI-87212027,Strasbourg,22:07:00,22:14:00,0,0,22:07:00,22:14:00,0,upcoming,1776087043,0.0
,9896,20260714,11,StopPoint:OCETGV INOUI-87192039,Metz,23:02:00,23:07:00,0,0,23:02:00,23:07:00,0,upcoming,1776087043,0.0
,9896,20260714,12,StopPoint:OCETGV INOUI-87191007,Thionville,23:24:00,23:26:00,0,0,23:24:00,23:26:00,0,upcoming,1776087043,0.0
,9896,20260714,13,StopPoint:OCETGV INOUI-82001000,Luxembourg,23:49:00,23:49:00,0,0,23:49:00,23:49:00,0,upcoming,1776087043,0.0
,9898,20260715,0,StopPoint:OCETGV INOUI-87773002,Montpellier Saint-Roch,06:29:00,06:29:00,0,0,,,0,finished,1776087043,0.0
,9898,20260715,1,StopPoint:OCETGV INOUI-87775007,Nîmes Centre,06:54:00,06:57:00,0,0,,,0,finished,1776087043,0.0
,9898,20260715,2,StopPoint:OCETGV INOUI-87763029,Valence TGV Rhône-Alpes Sud,07:43:00,07:48:00,0,0,,,0,finished,1776087043,0.0
,9898,20260715,3,StopPoint:OCETGV INOUI-87723197,Lyon Part Dieu,08:24:00,08:32:00,0,0,,,0,finished,1776087043,0.0
,9898,20260715,4,StopPoint:OCETGV INOUI-87713040,Dijon,09:57:00,10:07:00,0,0,,,0,finished,1776087043,0.0
,9898,20260715,5,StopPoint:OCETGV INOUI-87300863,Besançon Franche-Comté TGV,10:34:00,10:36:00,0,0,,,0,finished,1776087043,0.0
,9898,20260715,6,StopPoint:OCETGV INOUI-87300822,Belfort - Montbéliard TGV,10:57:00,10:59:00,0,0,,,0,finished,1776087043,0.0
,9898,20260715,7,StopPoint:OCETGV INOUI-87182063,Mulhouse,11:21:00,11:24:00,0,0,,,0,finished,1776087043,0.0
,9898,20260715,8,StopPoint:OCETGV INOUI-87182014,Colmar,11:49:00,11:52:00,0,0,,,0,finished,1776087043,0.0
,9898,20260715,9,StopPoint:OCETGV INOUI-87212027,Strasbourg,12:24:00,12:31:00,0,0,,,0,finished,1776087043,0.0
,9898,20260715,10,StopPoint:OCETGV INOUI-87192039,Metz,13:24:00,13:29:00,0,0,,,0,finished,1776087043,0.0
,9898,20260715,11,StopPoint:OCETGV INOUI-87191007,Thionville,13:48:00,13:51:00,0,0,,,0,finished,1776087043,0.0
,9898,20260715,12,StopPoint:OCETGV INOUI-82001000,Luxembourg,14:15:00,14:15:00,0,0,,,0,finished,1776087043,0.0
